file,day,entry_time,entry,stop_pts,minutes_after_open,drop_x_range,leg30_x_range,reds,low_of_day,below_open,sweep,usd_1R,usd_2R,usd_3R,usd_EOD
2/Screenshot_62.jpg,2021-10-05,10:05,14616.5,62.50,35,0.28,0.28,1,False,False,False,124,249,89,89
2/Screenshot_63.jpg,2021-10-06,10:10,14532.75,49.50,40,0.70,0.70,4,True,True,False,98,197,296,431
2/Screenshot_65.jpg,2021-10-14,09:40,14917.75,27.50,10,0.17,0.17,1,True,True,False,54,109,164,220
2/Screenshot_66.jpg,2021-10-15,10:35,15069.25,25.00,65,0.26,0.20,1,True,True,False,49,99,117,117
2/Screenshot_67.jpg,2021-10-18,09:40,15088,36.50,10,0.20,0.20,1,True,True,False,72,145,218,401
2/Screenshot_69.jpg,2021-10-25,09:50,15373.75,51.75,20,0.65,0.65,2,True,True,False,102,206,309,226
2/Screenshot_70.jpg,2021-10-27,10:20,15588.5,24.25,50,0.52,0.52,3,False,True,False,47,96,144,15
2/Screenshot_71.jpg,2021-10-29,09:55,15690.25,31.25,25,0.19,0.19,1,False,False,False,61,124,186,291
2/Screenshot_73.jpg,2021-11-04,09:40,16186.5,29.75,10,0.18,0.18,1,True,True,False,58,118,177,271
2/Screenshot_74.jpg,2021-11-10,09:40,16114,72.75,10,0.41,0.41,1,True,True,True,144,-148,-148,-148
2/Screenshot_75.jpg,2021-11-17,10:00,16294,24.50,30,0.29,0.29,2,True,True,True,48,97,146,43
2/Screenshot_76.jpg,2021-11-18,10:25,16343,39.50,55,0.66,0.66,3,True,True,True,78,157,236,298
2/Screenshot_77.jpg,2021-11-24,09:50,16156.75,55.00,20,0.53,0.53,3,True,True,True,109,219,329,408
2/Screenshot_80.jpg,2022-03-02,10:05,14098.5,37.75,35,0.18,0.18,2,False,True,False,-78,-78,-78,-78
2/Screenshot_82.jpg,2022-03-09,10:00,13576.25,80.00,30,0.29,0.29,3,True,True,False,159,319,284,284
2/Screenshot_83.jpg,2022-03-15,09:50,13134.5,43.75,20,0.29,0.29,2,True,True,False,86,174,261,649
2/Screenshot_84.jpg,2022-03-16,14:40,13596.25,129.00,310,0.96,0.70,3,True,True,False,257,515,625,625
2/Screenshot_78.jpg,2022-03-17,14:45,14062.75,28.25,315,0.16,0.13,1,False,False,False,-59,-59,-59,-59
2/Screenshot_85.jpg,2022-03-21,10:35,14261.5,33.75,65,0.63,0.26,2,True,True,True,66,134,201,-70
2/Screenshot_87.jpg,2022-03-23,10:10,14542,78.50,40,0.22,0.22,2,False,True,True,156,-159,-159,-159
2/Screenshot_88.jpg,2022-03-24,10:35,14508.5,75.50,65,0.33,0.33,1,True,True,True,150,301,452,462
2/Screenshot_89.jpg,2022-04-06,14:25,14440.25,45.00,295,0.86,0.83,3,True,True,True,89,179,269,143
2/Screenshot_90.jpg,2022-04-08,10:05,14369,57.00,35,0.60,0.60,2,True,True,True,113,227,-91,-91
2/Screenshot_91.jpg,2022-04-13,09:40,14014.75,93.50,10,0.35,0.35,1,True,True,True,186,373,413,413
2/Screenshot_93.jpg,2022-04-19,09:45,13928.75,95.25,15,0.35,0.35,1,True,True,False,189,380,570,517
2/Screenshot_94.jpg,2022-04-25,10:05,13282,37.00,35,0.36,0.36,2,False,True,False,73,147,221,-76
2/Screenshot_95.jpg,2022-04-27,10:35,12986.75,56.50,65,0.95,0.85,1,True,True,False,112,225,338,71
2/Screenshot_96.jpg,2022-05-03,09:55,13052,84.25,25,0.28,0.28,4,True,True,True,167,75,75,75
2/Screenshot_97.jpg,2022-05-04,11:40,12914,32.25,130,0.60,0.15,3,True,True,True,63,128,192,1229
2/Screenshot_98.jpg,2022-05-06,10:00,12566.5,47.50,30,0.63,0.63,2,True,True,True,94,189,284,250
2/Screenshot_99.jpg,2022-05-09,10:45,12346.5,54.00,75,0.59,0.34,5,True,True,True,-110,-110,-110,-110
2/Screenshot_100.jpg,2022-05-10,09:55,12400,63.25,25,0.47,0.47,4,True,True,False,125,252,-129,-129
2/Screenshot_102.jpg,2022-05-12,09:45,11818.25,125.75,15,0.41,0.41,2,True,True,True,250,502,-254,-254
2/Screenshot_103.jpg,2022-05-13,09:40,12155.5,91.00,10,0.22,0.22,1,True,True,False,181,363,545,384
2/Screenshot_104.jpg,2022-05-16,11:05,12223.5,31.75,95,0.40,0.40,4,True,True,True,-66,-66,-66,-66
2/Screenshot_105.jpg,2022-05-17,10:15,12440.5,30.50,45,0.29,0.29,1,True,True,False,-63,-63,-63,-63
2/Screenshot_105.jpg,2022-05-17,11:00,12368.75,35.75,90,0.46,0.31,4,False,True,False,70,142,213,344
2/Screenshot_106.jpg,2022-05-19,09:55,11869.5,74.25,25,0.42,0.42,2,True,True,False,147,296,24,24
2/Screenshot_108.jpg,2022-05-23,09:45,11929.5,111.50,15,0.26,0.26,1,True,True,True,-225,-225,-225,-225
2/Screenshot_108.jpg,2022-05-23,10:10,11832.25,48.75,40,0.46,0.46,3,True,True,True,96,194,291,369
2/Screenshot_109.jpg,2022-05-24,10:25,11639.5,63.50,55,0.64,0.46,5,True,True,True,126,253,380,235
2/Screenshot_110.jpg,2022-05-25,09:55,11795.5,42.75,25,0.26,0.26,1,False,False,False,84,170,255,289
2/Screenshot_112.jpg,2022-06-02,10:30,12533,35.75,60,0.39,0.39,2,False,True,False,70,142,213,700
2/Screenshot_113.jpg,2022-06-09,09:45,12546,40.00,15,0.28,0.28,1,True,True,True,79,159,239,-82
2/Screenshot_114.jpg,2022-06-13,10:30,11405.5,22.00,60,0.61,0.45,4,True,True,True,-46,-46,-46,-46
2/Screenshot_114.jpg,2022-06-13,11:10,11343,22.50,100,0.81,0.34,2,True,True,True,-47,-47,-47,-47
2/Screenshot_115.jpg,2022-06-15,14:40,11589.25,250.75,310,0.87,0.87,3,True,True,False,24,24,24,24
2/Screenshot_115.jpg,2022-06-15,14:15,11464.75,95.75,285,0.77,0.77,2,True,True,False,-194,-194,-194,-194
2/Screenshot_117.jpg,2022-06-23,10:00,11654,111.25,30,0.46,0.46,1,True,True,False,221,155,155,155
2/Screenshot_117.jpg,2022-06-23,10:20,11653.75,61.00,50,0.30,0.30,2,False,True,False,121,-124,-124,-124
2/Screenshot_117.jpg,2022-06-23,09:45,11625.75,65.25,15,0.40,0.40,2,True,True,False,-133,-133,-133,-133
2/Screenshot_118.jpg,2022-06-29,09:50,11628.25,64.50,20,0.42,0.42,1,True,True,True,128,114,114,114
2/Screenshot_120.jpg,2022-07-05,09:45,11430.25,40.00,15,0.26,0.26,2,False,True,True,79,159,239,721
2/Screenshot_121.jpg,2022-07-06,14:25,11832,33.50,295,0.38,0.38,2,False,True,False,-69,-69,-69,-69
2/Screenshot_122.jpg,2022-07-08,10:00,12023.75,45.50,30,0.38,0.38,3,True,True,False,90,181,272,290
2/Screenshot_124.jpg,2022-07-14,10:10,11538,20.00,40,0.58,0.58,3,True,True,True,-42,-42,-42,-42
2/Screenshot_125.jpg,2022-07-19,10:25,12062,45.00,55,0.22,0.20,1,False,True,False,89,179,269,420
2/Screenshot_125.jpg,2022-07-19,09:55,12034,41.75,25,0.30,0.30,4,True,True,False,82,166,249,476
2/Screenshot_126.jpg,2022-07-20,10:50,12455.5,45.75,80,0.17,0.17,1,False,False,False,90,-94,-94,-94
2/Screenshot_126.jpg,2022-07-20,10:05,12303,27.00,35,0.27,0.27,3,False,True,False,53,107,161,328
2/Screenshot_127.jpg,2022-07-21,12:55,12606.25,14.25,205,0.10,0.10,2,False,False,False,-31,-31,-31,-31
2/Screenshot_127.jpg,2022-07-21,11:55,12528.25,21.25,145,0.13,0.13,1,False,False,False,41,84,126,213
2/Screenshot_127.jpg,2022-07-21,11:30,12509.75,45.00,120,0.27,0.16,4,False,True,False,89,179,250,250
2/Screenshot_127.jpg,2022-07-21,09:50,12505,72.75,20,0.29,0.29,1,False,True,False,-148,-148,-148,-148
2/Screenshot_127.jpg,2022-07-21,10:40,12429.75,48.50,70,0.57,0.57,3,False,True,True,96,193,290,410
2/Screenshot_128.jpg,2022-07-25,11:20,12323,20.25,110,0.50,0.27,1,False,True,True,39,80,120,-43
2/Screenshot_129.jpg,2022-07-27,09:40,12347,71.00,10,0.27,0.27,1,True,True,False,141,283,425,572
2/Screenshot_130.jpg,2022-07-29,09:40,12804.75,60.75,10,0.27,0.27,1,True,True,True,120,242,363,341
2/Screenshot_131.jpg,2022-08-01,09:40,12926.75,75.75,10,0.26,0.26,1,True,True,True,150,302,48,48
3/Screenshot_132.jpg,2022-08-02,10:15,12881.75,62.00,45,0.48,0.48,2,True,True,False,123,247,371,102
3/Screenshot_133.jpg,2022-08-03,10:25,13128,26.50,55,0.26,0.26,2,False,False,False,-55,-55,-55,-55
3/Screenshot_133.jpg,2022-08-03,10:40,13109.25,48.75,70,0.40,0.40,1,False,False,False,96,194,291,355
3/Screenshot_133.jpg,2022-08-03,09:50,13085.75,45.75,20,0.18,0.18,1,False,False,False,90,182,273,402
3/Screenshot_134.jpg,2022-08-04,10:00,13327,64.00,30,0.27,0.27,2,False,True,False,-130,-130,-130,-130
3/Screenshot_134.jpg,2022-08-04,11:45,13243,39.75,135,0.48,0.21,1,False,True,True,78,158,131,131
3/Screenshot_134.jpg,2022-08-04,10:45,13213.75,29.50,75,0.55,0.52,3,True,True,True,58,117,176,189
3/Screenshot_135.jpg,2022-08-05,09:50,13192.25,46.75,20,0.23,0.23,1,False,False,False,92,186,-96,-96
3/Screenshot_135.jpg,2022-08-05,11:50,13124,26.25,140,0.76,0.35,1,False,True,True,51,104,156,202
3/Screenshot_136.jpg,2022-08-11,09:40,13489.5,33.75,10,0.19,0.19,1,True,True,False,66,134,-70,-70
3/Screenshot_137.jpg,2022-08-12,09:40,13395.25,36.50,10,0.23,0.23,1,True,True,False,72,145,218,332
3/Screenshot_138.jpg,2022-08-15,11:20,13576,35.00,110,0.37,0.22,2,False,False,False,69,139,209,206
3/Screenshot_138.jpg,2022-08-15,10:30,13571.75,34.00,60,0.38,0.38,3,False,False,False,67,135,203,214
3/Screenshot_138.jpg,2022-08-15,09:55,13616,65.00,25,0.25,0.25,3,False,False,False,-132,-132,-132,-132
3/Screenshot_139.jpg,2022-08-16,11:10,13578.75,27.00,100,0.43,0.13,2,False,True,True,53,107,161,150
3/Screenshot_139.jpg,2022-08-16,10:40,13547.25,24.75,70,0.54,0.36,5,True,True,True,48,98,147,213
3/Screenshot_140.jpg,2022-08-18,11:10,13511.25,25.00,100,0.20,0.20,3,False,True,False,49,99,-52,-52
3/Screenshot_140.jpg,2022-08-18,10:20,13481,29.00,50,0.22,0.22,1,False,True,False,57,115,173,69
3/Screenshot_140.jpg,2022-08-18,10:35,13480.5,27.25,65,0.21,0.19,1,False,True,False,53,108,162,70
3/Screenshot_141.jpg,2022-08-25,09:55,13012.75,51.00,25,0.26,0.26,2,True,True,False,101,203,256,256
3/Screenshot_142.jpg,2022-09-02,10:10,12322.5,50.50,40,0.61,0.61,2,True,True,False,100,201,-103,-103
3/Screenshot_143.jpg,2022-09-06,10:40,12033.25,65.25,70,0.80,0.31,1,False,True,True,129,-133,-133,-133
3/Screenshot_143.jpg,2022-09-06,10:15,11970.25,40.50,45,0.95,0.81,2,True,True,True,80,161,242,65
3/Screenshot_144.jpg,2022-09-08,09:40,12169.5,52.75,10,0.23,0.23,1,True,True,True,104,210,315,275
3/Screenshot_145.jpg,2022-09-09,10:30,12530.25,43.25,60,0.22,0.22,1,False,False,False,85,135,135,135
3/Screenshot_145.jpg,2022-09-09,10:00,12504.25,51.00,30,0.19,0.19,1,False,False,False,101,203,187,187
3/Screenshot_146.jpg,2022-09-15,09:45,12100.75,66.50,15,0.24,0.24,1,False,True,True,-135,-135,-135,-135
3/Screenshot_146.jpg,2022-09-15,12:35,11970.75,36.00,185,0.79,0.13,2,False,True,True,71,143,-74,-74
3/Screenshot_146.jpg,2022-09-15,11:20,11953.75,41.00,110,0.87,0.50,2,True,True,True,81,163,245,-84
3/Screenshot_146.jpg,2022-09-15,12:00,11952.75,26.00,150,0.82,0.25,2,False,True,True,-54,-54,-54,-54
3/Screenshot_147.jpg,2022-10-03,12:05,11198.25,40.25,155,0.29,0.28,2,False,False,False,79,160,240,166
3/Screenshot_147.jpg,2022-10-03,10:20,11171.5,36.75,50,0.18,0.18,1,False,False,False,72,146,219,220
3/Screenshot_147.jpg,2022-10-03,09:45,11090.25,50.50,15,0.32,0.32,2,True,True,False,100,201,302,382
3/Screenshot_148.jpg,2022-10-04,13:25,11550,26.25,235,0.53,0.36,4,False,False,False,51,104,156,169
3/Screenshot_149.jpg,2022-10-05,10:40,11399.75,32.00,70,0.64,0.50,4,True,True,True,63,127,191,461
3/Screenshot_151.jpg,2022-10-10,10:15,11005.25,22.25,45,0.51,0.34,2,True,True,True,43,88,-47,-47
3/Screenshot_151.jpg,2022-10-10,10:45,10967,16.25,75,0.62,0.42,2,True,True,True,-35,-35,-35,-35
3/Screenshot_151.jpg,2022-10-10,13:15,10924.5,48.00,225,0.88,0.21,6,True,True,True,95,191,156,156
3/Screenshot_152.jpg,2022-10-11,10:10,10821,32.75,40,0.55,0.55,7,True,True,True,64,130,195,-68
3/Screenshot_153.jpg,2022-10-13,09:45,10554.5,63.25,15,0.23,0.23,1,False,True,True,125,252,378,1089
3/Screenshot_154.jpg,2022-10-18,10:00,11332.75,40.00,30,0.46,0.46,2,True,True,False,-82,-82,-82,-82
3/Screenshot_154.jpg,2022-10-18,10:45,11250,36.25,75,0.72,0.43,6,True,True,False,-75,-75,-75,-75
3/Screenshot_154.jpg,2022-10-18,11:30,11137.25,28.00,120,1.06,0.54,4,True,True,True,-58,-58,-58,-58
3/Screenshot_154.jpg,2022-10-18,11:45,11125.25,41.50,135,1.14,0.57,1,True,True,True,82,165,248,-85
3/Screenshot_155.jpg,2022-10-19,10:05,11165.5,45.50,35,0.31,0.31,1,False,True,False,90,181,-93,-93
3/Screenshot_156.jpg,2022-10-20,09:45,11165.25,74.00,15,0.25,0.25,1,True,True,False,147,295,-150,-150
3/Screenshot_157.jpg,2022-10-21,09:40,11071.5,77.00,10,0.31,0.31,1,True,True,False,153,307,461,567
3/Screenshot_158.jpg,2022-10-24,10:30,11255.25,47.75,60,0.73,0.63,2,True,True,True,94,190,285,419
3/Screenshot_159.jpg,2022-10-25,09:45,11566.25,44.50,15,0.16,0.16,1,False,False,False,88,177,266,270
3/Screenshot_160.jpg,2022-10-26,10:30,11588.75,66.75,60,0.22,0.22,1,False,False,False,132,-136,-136,-136
3/Screenshot_161.jpg,2022-10-27,10:00,11294.75,31.50,30,0.65,0.65,2,True,True,True,62,125,188,-65
3/Screenshot_162.jpg,2022-10-28,10:20,11337.75,80.75,50,0.35,0.35,1,False,False,False,160,322,483,515
3/Screenshot_163.jpg,2022-10-31,10:15,11427,25.00,45,0.38,0.35,1,True,True,True,-52,-52,-52,-52
3/Screenshot_163.jpg,2022-10-31,11:00,11425.25,31.25,90,0.41,0.13,1,False,True,True,61,124,33,33
3/Screenshot_163.jpg,2022-10-31,10:40,11393.75,27.00,70,0.50,0.27,3,True,True,True,53,107,161,96
3/Screenshot_164.jpg,2022-11-04,09:55,10787.5,63.50,25,0.84,0.84,4,True,True,False,126,253,-129,-129
3/Screenshot_165.jpg,2022-11-08,09:50,11042.25,36.00,20,0.26,0.26,3,True,True,False,71,143,215,-74
3/Screenshot_166.jpg,2022-11-08,13:35,11105,34.50,245,0.54,0.50,4,False,True,False,-71,-71,-71,-71
3/Screenshot_166.jpg,2022-11-08,14:35,10963.25,35.25,305,1.02,0.57,3,True,True,True,69,140,210,276
3/Screenshot_167.jpg,2022-11-10,10:45,11422.75,65.25,75,0.38,0.33,3,False,False,False,129,260,390,404
3/Screenshot_167.jpg,2022-11-10,09:50,11379.5,110.75,20,0.43,0.43,3,True,True,False,220,442,490,490
3/Screenshot_168.jpg,2022-11-11,10:05,11690.25,102.75,35,0.35,0.35,2,False,True,True,204,327,327,327
3/Screenshot_168.jpg,2022-11-11,09:40,11604.5,35.25,10,0.25,0.25,1,True,True,True,69,140,210,499
3/Screenshot_169.jpg,2022-11-14,09:50,11731.25,29.50,20,0.28,0.28,1,True,True,True,58,117,176,20
3/Screenshot_170.jpg,2022-11-16,09:55,11776.75,27.50,25,0.30,0.30,3,True,True,True,-57,-57,-57,-57
3/Screenshot_170.jpg,2022-11-16,10:25,11756,32.25,55,0.39,0.33,4,True,True,True,-67,-67,-67,-67
3/Screenshot_170.jpg,2022-11-16,11:00,11720,14.25,90,0.45,0.27,4,True,True,True,27,56,84,62
3/Screenshot_172.jpg,2022-11-18,10:20,11717.25,33.75,50,0.56,0.36,4,False,True,False,-70,-70,-70,-70
3/Screenshot_172.jpg,2022-11-18,11:55,11678.5,22.50,145,0.66,0.21,1,False,True,True,-47,-47,-47,-47
3/Screenshot_172.jpg,2022-11-18,11:10,11670.25,25.00,100,0.70,0.29,3,True,True,True,49,-52,-52,-52
3/Screenshot_172.jpg,2022-11-18,12:30,11637.75,31.50,180,0.84,0.30,4,True,True,True,62,125,188,99
3/Screenshot_173.jpg,2022-11-22,10:45,11612.75,32.75,75,0.18,0.17,2,False,True,False,64,130,195,263
3/Screenshot_173.jpg,2022-11-22,10:00,11559.25,27.00,30,0.36,0.36,1,False,True,False,53,107,161,370
3/Screenshot_175.jpg,2022-12-01,09:45,12103.75,45.75,15,0.18,0.18,1,False,False,False,-94,-94,-94,-94
3/Screenshot_175.jpg,2022-12-01,10:35,11987.5,44.00,65,0.81,0.81,7,True,True,True,87,175,147,147
3/Screenshot_176.jpg,2022-12-08,09:50,11525.25,48.50,20,0.42,0.42,3,True,True,False,96,193,290,233
3/Screenshot_177.jpg,2022-12-09,11:45,11696.5,31.25,135,0.22,0.20,1,False,False,False,-65,-65,-65,-65
3/Screenshot_177.jpg,2022-12-09,10:55,11665.25,36.75,85,0.20,0.20,2,False,False,False,72,-76,-76,-76
3/Screenshot_177.jpg,2022-12-09,10:30,11631.75,30.50,60,0.25,0.25,3,False,True,False,60,121,-63,-63
3/Screenshot_177.jpg,2022-12-09,09:40,11626.5,76.75,10,0.33,0.33,1,True,True,False,152,-99,-99,-99
3/Screenshot_177.jpg,2022-12-09,10:00,11619.25,32.00,30,0.31,0.31,2,False,True,False,-66,-66,-66,-66
3/Screenshot_178.jpg,2022-12-12,09:45,11566.25,23.50,15,0.24,0.24,1,True,True,False,46,-49,-49,-49
3/Screenshot_178.jpg,2022-12-12,10:55,11548.5,17.50,85,0.34,0.24,1,True,True,False,34,69,104,289
3/Screenshot_179.jpg,2022-12-14,09:50,11872.75,27.25,20,0.15,0.15,1,False,False,False,53,108,-57,-57
3/Screenshot_180.jpg,2022-12-14,14:55,11734.25,78.75,325,1.19,0.55,1,False,True,True,156,42,42,42
3/Screenshot_181.jpg,2022-12-20,12:40,11164.75,11.25,190,0.35,0.22,2,False,False,False,21,44,66,43
3/Screenshot_181.jpg,2022-12-20,11:45,11144,26.00,135,0.49,0.33,1,False,True,False,51,103,155,84
3/Screenshot_181.jpg,2022-12-20,09:50,11094.25,28.25,20,0.32,0.32,1,True,True,False,55,112,168,184
3/Screenshot_182.jpg,2022-12-21,10:05,11264.5,47.75,35,0.21,0.21,2,False,True,False,94,190,133,133
3/Screenshot_182.jpg,2022-12-21,09:40,11233.5,52.75,10,0.20,0.20,1,True,True,True,104,210,195,195
3/Screenshot_186.jpg,2023-01-12,10:00,11364.75,54.00,30,0.92,0.92,3,True,True,False,107,215,323,321
3/Screenshot_187.jpg,2023-01-20,09:40,11418.25,35.50,10,0.21,0.21,1,True,True,False,70,141,212,517
3/Screenshot_188.jpg,2023-01-23,09:40,11732.25,60.75,10,0.27,0.27,1,True,True,False,120,242,363,402
3/Screenshot_190.jpg,2023-02-01,14:40,12251.5,196.75,310,0.89,0.89,4,True,True,True,392,335,335,335
3/Screenshot_192.jpg,2023-02-06,09:45,12557,39.00,15,0.19,0.19,1,False,False,False,-80,-80,-80,-80
3/Screenshot_193.jpg,2023-02-07,11:30,12568.5,25.75,120,0.10,0.10,2,False,False,False,50,-54,-54,-54
3/Screenshot_193.jpg,2023-02-07,12:35,12556,19.00,185,0.23,0.19,5,False,False,False,37,75,113,-40
3/Screenshot_193.jpg,2023-02-07,10:35,12520.5,33.75,65,0.27,0.17,2,False,True,False,66,134,201,-70
3/Screenshot_193.jpg,2023-02-07,10:15,12504.5,27.75,45,0.30,0.30,1,True,True,False,54,110,165,-58
3/Screenshot_194.jpg,2023-02-07,13:55,12513.5,51.50,265,1.26,0.79,2,False,True,True,102,205,308,542
3/Screenshot_195.jpg,2023-02-13,10:45,12465,19.25,75,0.10,0.09,2,False,False,False,37,76,114,121
3/Screenshot_195.jpg,2023-02-13,10:00,12465.75,69.50,30,0.27,0.27,1,False,True,False,138,119,119,119
3/Screenshot_195.jpg,2023-02-13,09:40,12395.25,43.50,10,0.23,0.23,1,True,True,False,86,173,260,260
3/Screenshot_196.jpg,2023-02-14,09:40,12487.25,97.00,10,0.36,0.36,1,True,True,True,193,337,337,337
3/Screenshot_197.jpg,2023-02-16,10:20,12597,35.25,50,0.15,0.15,1,False,False,False,69,140,-73,-73
3/Screenshot_199.jpg,2023-02-22,10:40,12059.25,25.25,70,0.54,0.35,2,True,True,True,49,100,150,29
3/Screenshot_200.jpg,2023-02-23,09:45,12228.25,31.25,15,0.26,0.26,2,True,True,False,-65,-65,-65,-65
3/Screenshot_200.jpg,2023-02-23,10:25,12191.75,23.75,55,0.39,0.37,1,False,True,False,-50,-50,-50,-50
3/Screenshot_200.jpg,2023-02-23,12:05,12043,15.25,155,0.97,0.29,2,True,True,True,29,60,90,323
3/Screenshot_201.jpg,2023-03-03,09:40,12142,31.25,10,0.16,0.16,1,True,True,False,61,124,186,335
3/Screenshot_202.jpg,2023-03-06,09:55,12381,34.00,25,0.26,0.26,1,True,True,False,67,135,203,-70
3/Screenshot_203.jpg,2023-03-10,09:55,11918.75,53.25,25,0.85,0.85,4,True,True,True,105,212,318,-109
4/Screenshot_204.jpg,2023-03-13,09:50,11863.75,153.25,20,0.77,0.77,2,False,True,False,305,143,143,143
4/Screenshot_205.jpg,2023-03-16,10:25,12277.5,41.50,55,0.33,0.33,1,False,False,False,82,165,248,565
4/Screenshot_206.jpg,2023-04-06,09:55,12978.25,24.00,25,0.28,0.28,1,True,True,True,47,95,143,384
4/Screenshot_207.jpg,2023-04-10,09:55,12991,23.75,25,0.43,0.43,1,True,True,True,46,94,141,310
4/Screenshot_209.jpg,2023-04-14,13:40,13078.75,19.00,250,1.12,0.30,3,False,True,True,37,75,113,181
4/Screenshot_210.jpg,2023-04-21,10:55,13037.25,33.75,85,0.44,0.44,3,False,True,True,66,134,90,90
4/Screenshot_210.jpg,2023-04-21,10:10,13011.75,29.25,40,0.51,0.51,4,True,True,True,57,116,174,141
4/Screenshot_211.jpg,2023-04-27,11:05,13097.75,15.00,95,0.20,0.20,3,False,False,False,29,59,89,275
4/Screenshot_211.jpg,2023-04-27,10:30,13081.25,12.50,60,0.13,0.13,1,False,False,False,24,49,74,308
4/Screenshot_211.jpg,2023-04-27,10:05,13042.75,25.75,35,0.25,0.25,1,False,True,False,50,102,153,385
4/Screenshot_211.jpg,2023-04-27,09:50,13036.25,21.75,20,0.21,0.21,1,False,True,False,42,86,129,398
4/Screenshot_212.jpg,2023-05-08,11:35,13299.25,20.25,125,0.18,0.17,2,False,True,True,39,80,120,102
4/Screenshot_212.jpg,2023-05-08,10:00,13274.75,14.00,30,0.28,0.28,1,True,True,True,27,-30,-30,-30
4/Screenshot_212.jpg,2023-05-08,10:40,13273.5,19.25,70,0.32,0.20,3,True,True,True,37,76,114,154
4/Screenshot_213.jpg,2023-05-15,11:05,13400,18.25,95,0.28,0.17,1,False,True,False,35,72,108,115
4/Screenshot_213.jpg,2023-05-15,10:15,13365,14.00,45,0.47,0.47,1,True,True,False,27,55,83,185
4/Screenshot_215.jpg,2023-07-17,09:55,15733,24.50,25,0.41,0.41,2,True,True,False,48,97,146,228
4/Screenshot_216.jpg,2023-07-18,11:35,15798,26.00,125,0.24,0.21,2,False,True,True,51,103,155,367
4/Screenshot_216.jpg,2023-07-18,11:00,15797.25,19.75,90,0.21,0.14,1,False,True,True,-42,-42,-42,-42
4/Screenshot_216.jpg,2023-07-18,10:40,15774.5,23.00,70,0.36,0.22,3,False,True,True,45,91,137,414
4/Screenshot_217.jpg,2023-08-03,11:00,15426.5,42.25,90,0.40,0.23,3,False,False,False,83,168,45,45
4/Screenshot_217.jpg,2023-08-03,10:35,15394.5,41.50,65,0.55,0.55,3,False,True,False,82,165,248,109
4/Screenshot_218.jpg,2023-08-04,10:10,15429,36.50,40,0.94,0.94,3,True,True,True,72,145,218,-75
4/Screenshot_220.jpg,2023-08-14,09:40,15084.25,48.25,10,0.24,0.24,1,True,True,False,95,192,288,324
4/Screenshot_221.jpg,2023-08-23,09:45,15028.25,27.25,15,0.18,0.18,1,False,True,False,53,108,162,314
4/Screenshot_222.jpg,2023-08-25,12:05,14842.25,49.00,155,1.13,0.43,4,False,True,False,97,195,293,302
4/Screenshot_222.jpg,2023-08-25,11:05,14782.25,29.75,95,1.31,0.73,9,True,True,True,58,118,177,422
4/Screenshot_224.jpg,2023-09-07,10:40,15240.75,54.25,70,0.24,0.24,2,False,True,False,107,62,62,62
4/Screenshot_224.jpg,2023-09-07,12:05,15228.5,31.50,155,0.37,0.30,5,False,True,False,62,125,87,87
4/Screenshot_224.jpg,2023-09-07,09:40,15212.25,55.00,10,0.24,0.24,1,True,True,True,109,119,119,119
4/Screenshot_224.jpg,2023-09-07,10:10,15196.75,35.00,40,0.35,0.35,1,False,True,True,69,139,209,150
4/Screenshot_225.jpg,2023-09-13,10:25,15306.25,45.00,55,0.50,0.48,4,True,True,False,89,179,91,91
4/Screenshot_226.jpg,2023-09-14,10:25,15381.25,44.75,55,0.51,0.40,1,True,True,True,88,178,267,191
4/Screenshot_228.jpg,2023-09-28,10:40,14728.25,49.25,70,0.54,0.54,6,False,True,False,97,196,294,279
4/Screenshot_228.jpg,2023-09-28,09:50,14704.5,48.50,20,0.32,0.32,2,True,True,True,96,193,290,327
4/Screenshot_229.jpg,2023-10-02,10:00,14935.75,31.75,30,0.30,0.30,2,False,False,False,62,126,189,-66
4/Screenshot_230.jpg,2023-10-06,10:25,14825,81.50,55,0.38,0.38,1,False,False,False,162,325,488,582
4/Screenshot_231.jpg,2023-10-09,10:10,15027,39.00,40,0.33,0.33,1,False,True,False,-80,-80,-80,-80
4/Screenshot_231.jpg,2023-10-09,11:15,14993,28.25,105,0.43,0.29,1,False,True,True,55,112,168,399
4/Screenshot_231.jpg,2023-10-09,09:40,14992.25,43.25,10,0.28,0.28,1,True,True,True,85,172,258,401
4/Screenshot_232.jpg,2023-10-12,10:00,15392,25.25,30,0.21,0.21,3,False,True,False,49,100,150,-53
4/Screenshot_232.jpg,2023-10-12,14:25,15263.75,45.50,295,1.06,0.38,6,False,True,True,90,104,104,104
4/Screenshot_233.jpg,2023-10-16,09:55,15211.75,29.00,25,0.31,0.31,2,False,False,False,57,115,173,208
4/Screenshot_234.jpg,2023-10-17,10:00,15088,38.25,30,0.37,0.37,3,True,True,True,75,152,228,297
4/Screenshot_235.jpg,2023-10-23,09:50,14605.5,91.50,20,0.45,0.45,3,True,True,True,182,365,198,198
4/Screenshot_236.jpg,2023-10-31,10:10,14372,50.25,40,0.44,0.44,1,False,True,False,99,200,245,245
4/Screenshot_238.jpg,2023-11-07,10:15,15299,26.25,45,0.21,0.21,1,False,True,False,51,104,156,112
4/Screenshot_240.jpg,2023-11-13,10:00,15494.25,29.25,30,0.36,0.36,1,True,True,True,57,116,174,102
4/Screenshot_241.jpg,2023-12-05,09:40,15833.75,50.75,10,0.34,0.34,1,True,True,False,100,202,123,123
4/Screenshot_242.jpg,2023-12-07,10:15,15964,57.00,45,0.46,0.46,1,False,True,False,113,144,144,144
4/Screenshot_242.jpg,2023-12-07,11:25,15952.25,21.75,115,0.50,0.50,2,False,True,False,42,86,129,168
4/Screenshot_244.jpg,2023-12-18,11:10,16869.25,13.75,100,0.28,0.27,4,False,False,False,26,54,81,162
4/Screenshot_244.jpg,2023-12-18,09:55,16867.5,24.00,25,0.19,0.19,3,False,True,False,47,95,143,165
4/Screenshot_245.jpg,2023-12-29,10:55,17023.25,22.50,85,0.65,0.60,4,True,True,True,-47,-47,-47,-47
4/Screenshot_245.jpg,2023-12-29,13:35,17008.75,13.25,245,0.69,0.16,4,False,True,True,25,52,78,-29
4/Screenshot_245.jpg,2023-12-29,12:55,16987.5,17.75,205,0.84,0.11,1,False,True,True,34,70,105,34
4/Screenshot_245.jpg,2023-12-29,11:35,16956.25,18.75,125,1.04,0.55,5,True,True,True,36,74,111,96
4/Screenshot_246.jpg,2024-01-02,10:00,16764.5,45.25,30,0.95,0.95,5,True,True,True,-93,-93,-93,-93
4/Screenshot_246.jpg,2024-01-02,10:55,16705,20.25,85,1.16,0.46,1,True,True,True,39,80,120,-43
4/Screenshot_247.jpg,2024-01-09,10:50,16750.25,16.00,80,0.10,0.10,1,False,False,False,-34,-34,-34,-34
4/Screenshot_247.jpg,2024-01-09,09:50,16689.75,29.25,20,0.33,0.33,2,True,True,False,57,116,174,296
4/Screenshot_249.jpg,2024-01-16,09:55,16887.25,32.50,25,0.53,0.53,3,True,True,False,64,129,194,129
4/Screenshot_250.jpg,2024-01-17,10:05,16734,45.25,35,0.89,0.89,4,True,True,True,89,180,270,286
4/Screenshot_251.jpg,2024-01-24,09:45,17665.75,28.75,15,0.30,0.30,2,True,True,False,56,114,171,-60
4/Screenshot_252.jpg,2024-01-31,14:25,17338.5,28.50,295,0.63,0.49,1,False,True,True,56,113,170,-59
4/Screenshot_252.jpg,2024-01-31,11:00,17303.75,18.75,90,0.76,0.39,2,False,True,True,36,74,111,-40
4/Screenshot_253.jpg,2024-02-05,11:50,17649.25,33.50,140,0.62,0.17,2,False,True,True,66,133,152,152
4/Screenshot_253.jpg,2024-02-05,10:25,17628.75,28.25,55,0.70,0.61,2,True,True,True,-59,-59,-59,-59
4/Screenshot_253.jpg,2024-02-05,11:10,17617.25,33.25,100,0.78,0.25,1,False,True,True,65,132,198,216
4/Screenshot_254.jpg,2024-02-07,10:10,17763.25,38.25,40,0.27,0.27,1,False,True,False,75,152,143,143
4/Screenshot_254.jpg,2024-02-07,09:45,17745,22.50,15,0.28,0.28,2,True,True,False,44,-47,-47,-47
4/Screenshot_255.jpg,2024-02-09,09:45,17900.75,25.75,15,0.20,0.20,2,True,True,False,50,102,153,289
4/Screenshot_256.jpg,2024-02-12,09:55,18033.75,17.50,25,0.19,0.19,1,False,True,False,-37,-37,-37,-37
4/Screenshot_256.jpg,2024-02-12,10:25,18029.5,15.50,55,0.20,0.16,2,False,True,False,30,61,92,-33
4/Screenshot_258.jpg,2024-03-06,10:15,18009.75,46.50,45,0.87,0.81,5,True,True,False,92,185,278,75
4/Screenshot_259.jpg,2024-03-07,10:15,18218.25,44.00,45,0.27,0.27,3,False,True,False,87,175,263,228
4/Screenshot_260.jpg,2024-03-08,09:45,18330,42.25,15,0.33,0.33,1,True,True,False,83,168,-87,-87
4/Screenshot_261.jpg,2024-03-11,10:05,17922.5,32.75,35,0.53,0.53,4,True,True,True,64,130,195,80
4/Screenshot_262.jpg,2024-03-12,09:50,17969,39.50,20,0.81,0.81,3,True,True,True,78,157,236,535
4/Screenshot_263.jpg,2024-03-19,09:50,18081.25,28.25,20,0.47,0.47,3,True,True,True,55,112,168,391
4/Screenshot_264.jpg,2024-03-20,14:40,18381.25,95.00,310,0.54,0.54,1,False,True,False,189,174,174,174
4/Screenshot_264.jpg,2024-03-20,14:25,18356.25,41.75,295,0.41,0.41,1,False,True,False,-86,-86,-86,-86
4/Screenshot_264.jpg,2024-03-20,12:20,18269,16.00,170,0.37,0.14,3,False,True,False,31,-34,-34,-34
4/Screenshot_264.jpg,2024-03-20,10:55,18268.75,20.25,85,0.39,0.25,4,False,True,False,39,-43,-43,-43
4/Screenshot_264.jpg,2024-03-20,09:50,18267.25,21.75,20,0.40,0.40,3,True,True,False,42,-46,-46,-46
4/Screenshot_264.jpg,2024-03-20,13:50,18264,20.25,260,0.41,0.16,2,True,True,False,39,80,120,409
4/Screenshot_265.jpg,2024-03-22,11:00,18517,15.50,90,0.28,0.20,1,False,True,False,30,61,92,140
4/Screenshot_266.jpg,2024-03-25,09:50,18468.75,54.00,20,0.30,0.30,2,True,True,True,107,93,93,93
4/Screenshot_267.jpg,2024-04-02,10:40,18250,22.75,70,0.35,0.26,2,False,True,True,-48,-48,-48,-48
4/Screenshot_267.jpg,2024-04-02,09:55,18249.75,17.50,25,0.33,0.33,4,False,True,True,-37,-37,-37,-37
4/Screenshot_267.jpg,2024-04-02,11:05,18227,20.25,95,0.46,0.25,1,False,True,True,39,80,120,217
4/Screenshot_268.jpg,2024-04-03,09:50,18280,27.75,20,0.17,0.17,1,False,False,False,54,110,165,152
4/Screenshot_269.jpg,2024-04-05,09:45,18182.5,80.25,15,0.39,0.39,2,True,True,False,159,320,274,274
4/Screenshot_270.jpg,2024-04-18,09:45,17599.75,49.00,15,0.50,0.50,2,True,True,True,97,195,-100,-100
4/Screenshot_271.jpg,2024-04-22,09:40,17290.25,26.50,10,0.16,0.16,1,True,True,False,52,-55,-55,-55
4/Screenshot_271.jpg,2024-04-22,11:20,17180.75,32.25,110,0.66,0.32,3,True,True,True,63,128,192,323
4/Screenshot_272.jpg,2024-04-25,10:05,17363.75,34.50,35,0.19,0.19,1,False,True,True,68,137,206,375
4/Screenshot_272.jpg,2024-04-25,11:00,17361.25,20.00,90,0.39,0.39,2,False,True,False,39,79,119,380
4/Screenshot_272.jpg,2024-04-25,09:40,17346.25,38.50,10,0.19,0.19,1,True,True,True,76,153,230,410
4/Screenshot_273.jpg,2024-05-02,10:15,17457.75,72.00,45,0.75,0.59,3,True,True,True,143,287,431,344
4/Screenshot_274.jpg,2024-05-15,10:00,18483.75,36.75,30,0.41,0.41,4,True,True,False,72,146,219,410
4/Screenshot_275.jpg,2024-06-03,10:15,18696.5,51.50,45,0.59,0.59,4,True,True,False,-105,-105,-105,-105
4/Screenshot_275.jpg,2024-06-03,13:20,18495.5,59.75,230,1.70,0.44,5,True,True,True,118,238,250,250
4/Screenshot_276.jpg,2024-06-07,09:40,19025,33.00,10,0.24,0.24,1,True,True,False,65,131,197,38
4/Screenshot_278.jpg,2024-06-17,10:35,19706,40.50,65,0.27,0.27,3,False,True,True,80,161,242,451
4/Screenshot_278.jpg,2024-06-17,09:55,19671.5,31.50,25,0.35,0.35,2,True,True,True,62,125,188,520
4/Screenshot_280.jpg,2024-06-28,09:40,20093.75,55.00,10,0.29,0.29,1,True,True,True,109,219,329,-112
4/Screenshot_281.jpg,2024-07-01,10:20,19920.25,109.00,50,0.83,0.68,1,True,True,True,217,284,284,284
4/Screenshot_281.jpg,2024-07-01,10:00,19894,53.00,30,0.69,0.69,3,True,True,True,-108,-108,-108,-108
4/Screenshot_286.jpg,2024-07-02,12:20,20091.25,26.50,170,0.42,0.42,2,False,False,False,52,105,158,290
4/Screenshot_285.jpg,2024-07-15,10:05,20667.75,64.50,35,0.26,0.26,1,False,True,False,128,-131,-131,-131
4/Screenshot_287.jpg,2024-08-06,11:35,18255.75,74.00,125,0.39,0.38,1,False,False,False,147,295,443,-99
4/Screenshot_287.jpg,2024-08-06,10:20,18217.25,71.50,50,0.21,0.21,1,False,False,False,-145,-145,-145,-145
4/Screenshot_287.jpg,2024-08-06,09:50,18082.25,121.25,20,0.52,0.52,2,True,True,True,241,484,726,249
1/DoubleTrouble1.jpg,2024-08-08,09:55,18179.25,114.75,25,0.41,0.41,4,True,True,False,228,458,687,587
Charts/Screenshot_290.jpg,2024-08-09,10:50,18523,79.00,80,0.27,0.27,6,False,True,False,157,136,136,136
Charts/Screenshot_290.jpg,2024-08-09,09:55,18488.25,54.50,25,0.21,0.21,2,True,True,False,-111,-111,-111,-111
Charts/Screenshot_288.jpg,2024-08-12,10:05,18579.25,55.50,35,0.33,0.33,1,True,True,False,110,221,332,74
Charts/Screenshot_289.jpg,2024-08-14,10:20,19004.5,39.00,50,0.47,0.37,2,True,True,True,-80,-80,-80,-80
Charts/Screenshot_289.jpg,2024-08-14,10:40,18975.5,50.25,70,0.56,0.29,2,True,True,True,99,200,300,323
Charts/Screenshot_291.jpg,2024-08-21,09:40,19848.75,35.75,10,0.09,0.09,1,True,True,False,70,142,213,-74
Charts/Screenshot_291.jpg,2024-08-21,12:10,19806.75,35.75,160,0.52,0.25,5,True,True,True,70,142,213,206
Charts/Screenshot_292.jpg,2024-08-22,11:55,19698.75,35.00,145,1.00,0.61,9,True,True,True,69,139,209,-72
Charts/Screenshot_293.jpg,2024-08-23,09:50,19756.75,48.75,20,0.15,0.15,1,False,True,False,96,194,291,-100
Charts/Screenshot_294.jpg,2024-08-23,10:55,19697.5,75.00,85,0.76,0.76,1,True,True,False,149,-152,-152,-152
Charts/Screenshot_294.jpg,2024-08-23,12:50,19629.5,37.75,200,0.84,0.29,2,True,True,True,74,150,225,309
Charts/Screenshot_295.jpg,2024-08-27,09:45,19486.5,32.25,15,0.27,0.27,2,True,True,True,63,128,192,311
Charts/Screenshot_297.jpg,2024-09-04,10:25,18973.75,59.00,55,0.28,0.28,2,False,False,False,117,235,-120,-120
Charts/Screenshot_297.jpg,2024-09-04,09:45,18966,92.50,15,0.29,0.29,1,False,True,False,-187,-187,-187,-187
Charts/Screenshot_303.jpg,2024-09-04,10:10,18981.25,145.50,40,0.50,0.50,3,True,True,False,-15,-15,-15,-15
Charts/Screenshot_303.jpg,2024-09-04,10:45,19062.25,49.00,75,0.15,0.15,1,False,False,False,-100,-100,-100,-100
Charts/Screenshot_298.jpg,2024-09-10,12:20,18641.25,43.75,170,0.67,0.46,1,False,True,False,86,174,261,427
Charts/Screenshot_300.jpg,2024-09-12,11:05,19319.75,64.75,95,0.29,0.29,1,False,True,False,128,-132,-132,-132
Charts/Screenshot_300.jpg,2024-09-12,12:05,19296,46.75,155,0.37,0.19,1,False,True,False,92,186,279,269
Charts/Screenshot_300.jpg,2024-09-12,10:10,19265.25,45.00,40,0.18,0.18,2,False,True,True,89,179,269,330
Charts/Screenshot_301.jpg,2024-09-19,10:00,19785.75,59.25,30,0.31,0.31,3,True,True,False,117,236,354,126
Charts/Screenshot_305.jpg,2024-10-04,12:30,20111.75,30.25,180,0.65,0.28,1,False,True,False,59,120,180,235
Charts/Screenshot_305.jpg,2024-10-04,10:15,20071.75,59.00,45,0.93,0.93,1,True,True,False,117,235,315,315
1/Screenshot_7.jpg,2024-10-10,09:55,20350.25,49.25,25,0.36,0.36,1,True,True,True,97,196,294,162
1/Screenshot_8.jpg,2024-10-16,10:05,20261,56.00,35,0.59,0.59,2,True,True,True,111,223,172,172
Charts/Screenshot_307.jpg,2024-10-16,10:50,20284.25,38.75,80,0.43,0.40,3,False,True,True,76,154,125,125
Charts/Screenshot_308.jpg,2024-10-17,09:45,20467.75,65.50,15,0.70,0.70,2,True,True,False,-133,-133,-133,-133
Charts/Screenshot_308.jpg,2024-10-17,11:25,20439,26.75,115,0.66,0.15,1,False,True,False,52,106,159,-56
Charts/Screenshot_308.jpg,2024-10-17,10:15,20418.75,53.75,45,0.85,0.56,3,True,True,False,106,214,-110,-110
Charts/Screenshot_309.jpg,2024-10-18,09:40,20471.75,39.00,10,0.15,0.15,1,True,True,False,77,14,14,14
Charts/Screenshot_310.jpg,2024-10-22,09:40,20436.5,68.00,10,0.30,0.30,1,True,True,False,135,271,266,266
1/Screenshot_9.jpg,2024-10-29,09:40,20469.25,37.50,10,0.43,0.43,1,True,True,True,74,149,224,467
1/Screenshot_10.jpg,2024-10-30,09:50,20588.75,46.00,20,0.57,0.57,3,True,True,True,91,183,-94,-94
Charts/Screenshot_314.jpg,2024-11-04,10:00,20134.75,42.00,30,0.20,0.20,1,False,True,False,83,167,-86,-86
Charts/Screenshot_314.jpg,2024-11-04,09:45,20116.5,103.50,15,0.54,0.54,2,True,True,True,206,-71,-71,-71
Charts/Screenshot_315.jpg,2024-11-05,09:50,20253.75,61.50,20,0.27,0.27,1,False,False,False,122,140,140,140
1/Screenshot_12.jpg,2024-11-06,10:00,20692.5,49.25,30,0.71,0.71,3,True,True,False,97,196,294,416
Charts/Screenshot_317.jpg,2024-11-07,09:55,21079.5,30.75,25,0.18,0.18,1,False,False,False,60,122,183,259
1/DBT2.jpg,2024-11-18,10:00,20532,31.75,30,0.30,0.30,3,True,True,False,62,126,189,191
Charts/Screenshot_321.jpg,2024-12-02,11:30,21187.25,20.75,120,0.16,0.13,1,False,False,False,40,82,123,60
Charts/Screenshot_321.jpg,2024-12-02,09:50,21149.75,54.25,20,0.23,0.23,1,False,False,False,107,216,135,135
Charts/Screenshot_323.jpg,2024-12-18,09:40,21956,43.00,10,0.46,0.46,1,True,True,False,85,171,-88,-88
1/Screenshot_15.jpg,2024-12-30,10:30,21301.25,39.50,60,0.56,0.38,2,False,True,True,78,157,236,341
Charts/Screenshot_324.jpg,2025-01-17,10:30,21532.5,51.75,60,0.54,0.32,1,True,True,False,102,206,140,140
1/Screenshot_16.jpg,2025-01-28,09:50,21216.25,55.75,20,0.58,0.58,3,True,True,True,110,222,333,765
Charts/Screenshot_329.jpg,2025-02-10,09:40,21787.25,45.25,10,0.15,0.15,1,True,True,False,89,180,136,136
Charts/Screenshot_331.jpg,2025-03-04,10:25,20139.25,63.75,55,0.94,0.90,1,True,True,True,126,254,381,533
Charts/Screenshot_332.jpg,2025-03-05,10:05,20488.25,218.25,35,0.53,0.53,3,True,True,True,-439,-439,-439,-439
Charts/Screenshot_332.jpg,2025-03-05,10:35,20386.75,79.75,65,0.46,0.46,4,False,True,True,-162,-162,-162,-162
Charts/Screenshot_332.jpg,2025-03-05,11:50,20267.5,52.75,140,0.69,0.29,1,True,True,True,104,210,315,830
Charts/Screenshot_333.jpg,2025-03-06,10:05,20386.25,133.00,35,0.31,0.31,1,False,True,True,-268,-268,-268,-268
Charts/Screenshot_334.jpg,2025-03-19,09:50,19594.25,91.25,20,0.21,0.21,3,True,True,False,181,364,546,289
Charts/Screenshot_335.jpg,2025-03-27,09:45,19981.5,44.00,15,0.34,0.34,2,True,True,True,87,175,263,60
1/Screenshot_17.jpg,2025-03-31,09:50,19035.75,59.25,20,0.59,0.59,1,True,True,True,117,236,354,861
Charts/Screenshot_337.jpg,2025-04-01,09:40,19388.25,50.25,10,0.26,0.26,1,True,True,False,99,-103,-103,-103
1/Screenshot_18.jpg,2025-04-07,09:50,16961.75,288.50,20,0.78,0.78,3,True,True,False,576,1153,1730,1184
Charts/Screenshot_340.jpg,2025-04-16,10:05,18551.5,42.00,35,0.22,0.22,4,True,True,False,83,167,251,-86
Charts/Screenshot_341.jpg,2025-04-17,11:05,18330.25,39.25,95,0.27,0.10,3,False,True,True,77,156,234,69
1/Screenshot_19.jpg,2025-04-22,09:40,18155,55.00,10,0.08,0.08,1,True,True,False,109,219,329,397
Charts/Screenshot_343.jpg,2025-04-25,10:00,19296,60.25,30,0.16,0.16,3,True,True,False,119,-123,-123,-123
Charts/Screenshot_344.jpg,2025-04-29,09:45,19477.75,74.00,15,0.11,0.11,1,True,True,False,147,295,328,328
1/Screenshot_20.jpg,2025-04-30,10:05,19195.25,93.25,35,0.35,0.35,2,True,True,True,185,372,558,997
1/Screenshot_21.jpg,2025-05-06,10:00,19783,36.50,30,0.31,0.31,3,True,True,True,72,145,218,259
1/Screenshot_2.jpg,2025-05-22,09:40,21188,74.50,10,0.37,0.37,1,True,True,False,148,297,6,6
1/Screenshot_22.jpg,2025-05-27,09:45,21245.75,52.75,15,0.32,0.32,2,True,True,False,104,210,315,421
Charts/Screenshot_347.jpg,2025-06-03,09:45,21581,71.25,15,0.30,0.30,2,True,True,False,141,284,258,258
1/Screenshot_3.jpg,2025-06-05,10:40,21810.25,109.75,70,0.49,0.39,1,False,True,True,218,-222,-222,-222
Charts/Screenshot_349.jpg,2025-06-09,09:45,21797.75,47.75,15,0.22,0.22,2,True,True,False,94,70,70,70
Charts/Screenshot_350.jpg,2025-06-10,11:40,21815.75,73.00,130,0.55,0.49,3,True,True,False,145,291,276,276
Charts/Screenshot_351.jpg,2025-06-13,10:55,21753.75,69.75,85,0.43,0.27,2,False,False,False,138,-142,-142,-142
Charts/Screenshot_351.jpg,2025-06-13,10:35,21674.25,57.00,65,0.68,0.63,5,True,True,False,113,227,341,-116
1/Screenshot_4.png,2025-06-18,09:40,21742.75,39.50,10,0.27,0.27,1,True,True,False,78,157,236,-81
1/Screenshot_6.png,2025-06-23,09:40,21869.25,111.00,10,0.47,0.47,1,True,True,False,221,-224,-224,-224
1/Screenshot_7.png,2025-06-23,13:05,21905.5,84.00,215,0.81,0.38,2,False,True,False,167,335,334,334
1/doubletrouble3.jpg,2025-07-10,10:30,22939.25,30.75,60,0.87,0.49,1,False,True,True,60,122,183,140
1/Screenshot_38.jpg,2025-09-25,10:05,24521.75,92.00,35,0.71,0.71,2,False,True,True,183,199,199,199
1/Screenshot_37.jpg,2025-10-14,09:50,24513.25,90.25,20,0.77,0.77,3,True,True,True,179,360,540,454
1/Screenshot_36.jpg,2025-10-30,09:45,25996.25,55.00,15,0.51,0.51,2,True,True,True,109,219,329,-112
1/Screenshot_35.jpg,2025-12-10,11:10,26647.25,56.25,100,0.35,0.28,3,True,True,True,111,224,336,481
1/Screenshot_34.jpg,2025-12-11,10:05,26527.5,74.50,35,0.64,0.64,3,True,True,False,148,297,446,449
1/Screenshot_33.jpg,2025-12-12,10:35,26438,80.00,65,0.82,0.70,3,True,True,True,-162,-162,-162,-162
1/Screenshot_33.jpg,2025-12-12,12:00,26239.5,40.50,150,1.23,0.23,2,False,True,True,80,161,242,60
1/Screenshot_31.jpg,2026-01-07,10:45,26684,65.50,75,0.36,0.36,1,False,False,False,130,-101,-101,-101
1/Screenshot_30.jpg,2026-03-04,09:50,25749.5,126.50,20,0.38,0.38,2,True,True,False,252,505,400,400
1/Screenshot_29.jpg,2026-03-25,10:05,25011.25,87.50,35,0.54,0.54,4,True,True,False,174,-177,-177,-177
1/Screenshot_5.jpg,2026-06-12,09:40,30044.75,150.25,10,0.35,0.35,1,True,True,False,-303,-303,-303,-303
Charts/Screenshot_327.jpg,2026-07-01,10:20,30613.75,63.00,50,0.12,0.12,1,False,False,False,-128,-128,-128,-128
1/Screenshot_28.jpg,2026-07-06,09:45,30224.75,139.25,15,0.26,0.26,1,False,True,False,277,57,57,57
1/Screenshot_27.jpg,2026-07-07,10:50,29593,83.75,80,0.85,0.42,3,True,True,True,166,334,501,181
1/Screenshot_26.jpg,2026-07-09,10:25,30014.25,101.00,55,0.56,0.56,3,True,True,False,201,403,423,423
1/Screenshot_25.jpg,2026-07-15,09:55,30102.5,48.00,25,0.42,0.42,4,True,True,False,95,-98,-98,-98
1/Screenshot_24.jpg,2026-07-16,09:55,29653.75,89.50,25,0.51,0.51,4,True,True,True,178,-181,-181,-181
1/s62.jpg,2026-07-21,10:15,29437.5,75.00,45,0.39,0.34,2,True,True,False,149,299,449,394
2/Screenshot_81.jpg,2026-07-23,11:35,28792.25,60.25,125,1.00,0.41,2,True,True,True,119,240,360,170
4/Screenshot_214.jpg,2026-07-24,10:05,28695,90.25,35,0.76,0.76,2,True,True,True,-183,-183,-183,-183
4/Screenshot_214.jpg,2026-07-24,10:45,28606.75,44.50,75,0.86,0.45,3,True,True,True,88,177,266,-91
4/Screenshot_282.jpg,2026-07-27,09:50,28790,68.50,20,0.46,0.46,1,True,True,True,-139,-139,-139,-139
4/Screenshot_282.jpg,2026-07-27,10:50,28371.5,133.50,80,1.60,0.91,5,True,True,True,266,231,231,231
Charts/Screenshot_306.jpg,2026-07-28,11:10,28137.5,70.75,100,0.52,0.29,2,False,True,True,140,282,423,221
Charts/Screenshot_306.jpg,2026-07-28,10:40,28062.75,94.50,70,0.74,0.28,1,False,True,True,188,377,566,371
Charts/Screenshot_306.jpg,2026-07-28,10:05,28049.5,109.75,35,0.81,0.81,2,True,True,True,-222,-222,-222,-222
Charts/Screenshot_322.jpg,2026-07-29,10:50,27874.75,65.25,80,1.11,0.54,2,True,True,True,129,-133,-133,-133
Charts/Screenshot_322.jpg,2026-07-29,12:20,27751.75,43.25,170,1.34,0.36,1,True,True,True,85,172,258,-89
Charts/Screenshot_326.jpg,2026-07-30,09:40,28219.75,107.00,10,0.23,0.23,1,True,True,False,213,427,641,586
1/Screenshot_1.png,2026-08-03,09:55,28826.25,83.00,25,0.20,0.20,2,False,False,False,165,331,497,709
1/Screenshot_2.png,2026-08-07,11:00,30033.5,67.75,90,0.30,0.22,1,False,True,False,134,176,176,176
