1/DBT2.jpg,NT,2024-11-18,10:03,,
1/DoubleTrouble1.jpg,NT,2024-08-08,10:03,,
1/Screenshot_1.jpg,RITHMIC,2025-05-21,09:24,09:15:00AM,
1/Screenshot_1.png,NT,2026-08-03,09:55,,
1/Screenshot_10.jpg,RITHMIC,2024-10-30,09:48,09:30:00AM,
1/Screenshot_11.jpg,RITHMIC,2024-11-01,09:34,09:30:00AM,
1/Screenshot_12.jpg,RITHMIC,2024-11-06,09:58,09:30:00AM,
1/Screenshot_13.jpg,RITHMIC,2024-11-18,09:58,09:30:00AM,
1/Screenshot_14.jpg,RITHMIC,2024-12-06,09:33,09:25:00AM,
1/Screenshot_15.jpg,RITHMIC,2024-12-30,10:26,09:30:00AM,
1/Screenshot_16.jpg,RITHMIC,2025-01-28,09:47,09:30:00AM,
1/Screenshot_17.jpg,RITHMIC,2025-03-31,09:49,09:30:00AM,
1/Screenshot_18.jpg,RITHMIC,2025-04-07,09:50,09:30:00AM,
1/Screenshot_19.jpg,RITHMIC,2025-04-22,09:36,09:30:00AM,
1/Screenshot_2.jpg,RITHMIC,2025-05-22,09:38,10:25:00AM,
1/Screenshot_2.png,NT,2026-08-07,11:02,,
1/Screenshot_20.jpg,RITHMIC,2025-04-30,10:02,09:30:00AM,"19.301,25"
1/Screenshot_21.jpg,RITHMIC,2025-05-06,09:56,09:30:00AM,
1/Screenshot_22.jpg,RITHMIC,2025-05-27,09:41,09:30:00AM,
1/Screenshot_24.jpg,NT,2026-07-16,10:01,,
1/Screenshot_25.jpg,NT,2026-07-15,09:58,,
1/Screenshot_26.jpg,NT,2026-07-09,10:27,,
1/Screenshot_27.jpg,NT,2026-07-07,10:54,,
1/Screenshot_28.jpg,NT,2026-07-06,09:47,,
1/Screenshot_29.jpg,NT,2026-03-25,10:08,,
1/Screenshot_3.jpg,RITHMIC,2025-06-05,10:40,10:10:00AM,
1/Screenshot_3.png,NT,2025-05-06,10:01,,
1/Screenshot_30.jpg,NT,2026-03-04,09:57,,
1/Screenshot_31.jpg,NT,2026-01-07,10:46,,
1/Screenshot_32.jpg,NT,2026-01-07,11:36,,
1/Screenshot_33.jpg,NT,2025-12-12,10:38,,
1/Screenshot_33.jpg,NT,2025-12-12,12:03,,
1/Screenshot_34.jpg,NT,2025-12-11,10:15,,
1/Screenshot_35.jpg,NT,2025-12-10,09:53,,
1/Screenshot_35.jpg,NT,2025-12-10,10:47,,
1/Screenshot_35.jpg,NT,2025-12-10,11:13,,
1/Screenshot_36.jpg,NT,2025-10-30,09:47,,
1/Screenshot_37.jpg,NT,2025-10-14,09:52,,
1/Screenshot_38.jpg,NT,2025-09-25,10:07,,
1/Screenshot_39.jpg,NT,2019-12-25,10:50,,
1/Screenshot_4.png,NT,2025-06-18,09:40,,
1/Screenshot_40.jpg,NT,2019-12-29,10:09,,
1/Screenshot_41.jpg,NT,2019-12-30,10:21,,
1/Screenshot_42.jpg,NT,2020-01-28,09:46,,
1/Screenshot_44.jpg,NT,2020-02-04,09:55,,
1/Screenshot_45.jpg,NT,2020-02-06,09:51,,
1/Screenshot_46.jpg,NT,2020-02-07,10:14,,
1/Screenshot_47.jpg,NT,2020-02-11,10:08,,
1/Screenshot_48.jpg,NT,2020-02-13,10:13,,
1/Screenshot_49.jpg,NT,2020-02-04,10:26,,
1/Screenshot_5.jpg,RITHMIC,2026-06-12,09:40,04:55:00PM,
1/Screenshot_5.png,NT,2025-06-20,11:11,,
1/Screenshot_50.jpg,NT,2020-02-28,10:52,,
1/Screenshot_51.jpg,NT,2020-03-02,10:41,,
1/Screenshot_52.jpg,NT,2020-03-03,10:01,,
1/Screenshot_53.jpg,NT,2020-03-04,10:01,,
1/Screenshot_54.jpg,NT,2020-03-05,10:11,,
1/Screenshot_56.jpg,NT,2020-03-09,09:30,,
1/Screenshot_57.jpg,NT,2020-03-10,09:56,,
1/Screenshot_57.jpg,NT,2020-03-10,11:41,,
1/Screenshot_58.jpg,NT,2020-03-17,10:02,,
1/Screenshot_59.jpg,NT,2020-03-19,09:51,,
1/Screenshot_6.jpg,RITHMIC,2024-10-08,09:37,09:30:00AM,
1/Screenshot_6.png,NT,2025-06-23,09:48,,
1/Screenshot_7.jpg,RITHMIC,2024-10-10,09:53,09:30:00AM,
1/Screenshot_7.png,NT,2025-06-23,13:05,,
1/Screenshot_8.jpg,RITHMIC,2024-10-16,10:04,09:30:00AM,
1/Screenshot_9.jpg,RITHMIC,2024-10-29,09:39,09:30:00AM,
1/doubletrouble3.jpg,NT,2025-07-10,10:31,,
1/s62.jpg,NT,2026-07-21,10:18,,
2/Screenshot_100.jpg,NT,2022-05-10,09:56,,
2/Screenshot_102.jpg,NT,2022-05-12,09:46,,
2/Screenshot_103.jpg,NT,2022-05-13,09:40,,
2/Screenshot_104.jpg,NT,2022-05-16,11:07,,
2/Screenshot_105.jpg,NT,2022-05-17,10:20,,
2/Screenshot_105.jpg,NT,2022-05-17,11:02,,
2/Screenshot_106.jpg,NT,2022-05-19,09:55,,
2/Screenshot_107.jpg,NT,2022-05-22,14:40,,
2/Screenshot_108.jpg,NT,2022-05-23,09:47,,
2/Screenshot_108.jpg,NT,2022-05-23,10:11,,
2/Screenshot_109.jpg,NT,2022-05-24,10:26,,
2/Screenshot_110.jpg,NT,2022-05-25,09:54,,
2/Screenshot_111.jpg,NT,2022-05-01,10:17,,
2/Screenshot_112.jpg,NT,2022-06-02,10:31,,
2/Screenshot_113.jpg,NT,2022-06-09,09:46,,
2/Screenshot_114.jpg,NT,2022-06-13,10:36,,
2/Screenshot_114.jpg,NT,2022-06-13,11:11,,
2/Screenshot_115.jpg,NT,2022-06-15,14:48,,
2/Screenshot_115.jpg,NT,2022-06-15,14:19,,
2/Screenshot_116.jpg,NT,2022-06-17,10:45,,
2/Screenshot_116.jpg,NT,2022-06-17,10:57,,
2/Screenshot_117.jpg,NT,2022-06-23,10:05,,
2/Screenshot_117.jpg,NT,2022-06-23,10:21,,
2/Screenshot_117.jpg,NT,2022-06-23,09:51,,
2/Screenshot_117.jpg,NT,2022-06-23,10:13,,
2/Screenshot_118.jpg,NT,2022-06-29,09:51,,
2/Screenshot_119.jpg,NT,2022-06-00,10:30,,
2/Screenshot_119.jpg,NT,2022-06-00,10:24,,
2/Screenshot_119.jpg,NT,2022-06-00,10:11,,
2/Screenshot_120.jpg,NT,2022-07-05,09:45,,
2/Screenshot_121.jpg,NT,2022-07-06,14:25,,
2/Screenshot_122.jpg,NT,2022-07-08,10:00,,
2/Screenshot_122.jpg,NT,2022-07-08,08:55,,
2/Screenshot_123.jpg,NT,2022-07-01,10:12,,
2/Screenshot_124.jpg,NT,2022-07-14,10:11,,
2/Screenshot_125.jpg,NT,2022-07-19,10:27,,
2/Screenshot_125.jpg,NT,2022-07-19,10:10,,
2/Screenshot_125.jpg,NT,2022-07-19,09:56,,
2/Screenshot_126.jpg,NT,2022-07-20,10:46,,
2/Screenshot_126.jpg,NT,2022-07-20,10:06,,
2/Screenshot_127.jpg,NT,2022-07-21,12:56,,
2/Screenshot_127.jpg,NT,2022-07-21,11:58,,
2/Screenshot_127.jpg,NT,2022-07-21,11:30,,
2/Screenshot_127.jpg,NT,2022-07-21,09:51,,
2/Screenshot_127.jpg,NT,2022-07-21,10:41,,
2/Screenshot_128.jpg,NT,2022-07-25,11:21,,
2/Screenshot_129.jpg,NT,2022-07-27,09:41,,
2/Screenshot_130.jpg,NT,2022-07-29,09:41,,
2/Screenshot_131.jpg,NT,2022-08-01,09:42,,
2/Screenshot_60.jpg,NT,2020-03-20,09:55,,
2/Screenshot_61.jpg,NT,2020-03-23,09:46,,
2/Screenshot_62.jpg,NT,2021-10-05,10:00,,
2/Screenshot_63.jpg,NT,2021-10-06,10:10,,
2/Screenshot_65.jpg,NT,2021-10-14,09:41,,
2/Screenshot_66.jpg,NT,2021-10-15,10:36,,
2/Screenshot_67.jpg,NT,2021-10-18,09:42,,
2/Screenshot_69.jpg,NT,2021-10-25,09:52,,
2/Screenshot_70.jpg,NT,2021-10-27,10:20,,
2/Screenshot_71.jpg,NT,2021-10-29,09:49,,
2/Screenshot_73.jpg,NT,2021-11-04,09:41,,
2/Screenshot_74.jpg,NT,2021-11-10,09:41,,
2/Screenshot_75.jpg,NT,2021-11-17,10:01,,
2/Screenshot_76.jpg,NT,2021-11-18,10:29,,
2/Screenshot_77.jpg,NT,2021-11-24,09:52,,
2/Screenshot_78.jpg,NT,2022-03-17,14:54,,
2/Screenshot_79.jpg,NT,2022-03-01,10:37,,
2/Screenshot_80.jpg,NT,2022-03-02,09:57,,
2/Screenshot_81.jpg,NT,2026-07-23,11:38,,
2/Screenshot_82.jpg,NT,2022-03-09,10:02,,
2/Screenshot_83.jpg,NT,2022-03-15,09:51,,
2/Screenshot_84.jpg,NT,2022-03-16,14:50,,
2/Screenshot_85.jpg,NT,2022-03-21,10:37,,
2/Screenshot_86.jpg,NT,2022-03-02,09:56,,
2/Screenshot_87.jpg,NT,2022-03-23,10:12,,
2/Screenshot_88.jpg,NT,2022-03-24,10:37,,
2/Screenshot_89.jpg,NT,2022-04-06,14:28,,
2/Screenshot_90.jpg,NT,2022-04-08,10:07,,
2/Screenshot_91.jpg,NT,2022-04-13,09:41,,
2/Screenshot_92.jpg,NT,2022-04-08,10:01,,
2/Screenshot_93.jpg,NT,2022-04-19,09:46,,
2/Screenshot_94.jpg,NT,2022-04-25,10:06,,
2/Screenshot_95.jpg,NT,2022-04-27,10:37,,
2/Screenshot_96.jpg,NT,2022-05-03,09:55,,
2/Screenshot_97.jpg,NT,2022-05-04,11:44,,
2/Screenshot_98.jpg,NT,2022-05-06,10:01,,
2/Screenshot_99.jpg,NT,2022-05-09,10:50,,
3/Screenshot_132.jpg,NT,2022-08-02,10:16,,
3/Screenshot_133.jpg,NT,2022-08-03,10:26,,
3/Screenshot_133.jpg,NT,2022-08-03,10:41,,
3/Screenshot_133.jpg,NT,2022-08-03,09:50,,
3/Screenshot_134.jpg,NT,2022-08-04,10:01,,
3/Screenshot_134.jpg,NT,2022-08-04,11:46,,
3/Screenshot_134.jpg,NT,2022-08-04,11:40,,
3/Screenshot_134.jpg,NT,2022-08-04,10:45,,
3/Screenshot_135.jpg,NT,2022-08-05,09:50,,
3/Screenshot_135.jpg,NT,2022-08-05,10:01,,
3/Screenshot_135.jpg,NT,2022-08-05,09:51,,
3/Screenshot_135.jpg,NT,2022-08-05,11:49,,
3/Screenshot_136.jpg,NT,2022-08-11,09:41,,
3/Screenshot_137.jpg,NT,2022-08-12,09:41,,
3/Screenshot_138.jpg,NT,2022-08-15,11:21,,
3/Screenshot_138.jpg,NT,2022-08-15,10:31,,
3/Screenshot_138.jpg,NT,2022-08-15,09:43,,
3/Screenshot_139.jpg,NT,2022-08-16,11:11,,
3/Screenshot_139.jpg,NT,2022-08-16,11:01,,
3/Screenshot_139.jpg,NT,2022-08-16,10:41,,
3/Screenshot_140.jpg,NT,2022-08-18,11:11,,
3/Screenshot_140.jpg,NT,2022-08-18,11:04,,
3/Screenshot_140.jpg,NT,2022-08-18,10:22,,
3/Screenshot_140.jpg,NT,2022-08-18,10:37,,
3/Screenshot_141.jpg,NT,2022-08-25,09:55,,
3/Screenshot_142.jpg,NT,2022-09-02,10:10,,
3/Screenshot_143.jpg,NT,2022-09-06,10:47,,
3/Screenshot_143.jpg,NT,2022-09-06,10:16,,
3/Screenshot_144.jpg,NT,2022-09-08,09:41,,
3/Screenshot_145.jpg,NT,2022-09-09,10:31,,
3/Screenshot_145.jpg,NT,2022-09-09,09:56,,
3/Screenshot_145.jpg,NT,2022-09-09,09:51,,
3/Screenshot_146.jpg,NT,2022-09-15,09:45,,
3/Screenshot_146.jpg,NT,2022-09-15,12:36,,
3/Screenshot_146.jpg,NT,2022-09-15,11:21,,
3/Screenshot_146.jpg,NT,2022-09-15,12:01,,
3/Screenshot_147.jpg,NT,2022-10-03,12:06,,
3/Screenshot_147.jpg,NT,2022-10-03,10:21,,
3/Screenshot_147.jpg,NT,2022-10-03,09:47,,
3/Screenshot_148.jpg,NT,2022-10-04,13:25,,
3/Screenshot_149.jpg,NT,2022-10-05,10:42,,
3/Screenshot_151.jpg,NT,2022-10-10,10:15,,
3/Screenshot_151.jpg,NT,2022-10-10,10:44,,
3/Screenshot_151.jpg,NT,2022-10-10,13:16,,
3/Screenshot_152.jpg,NT,2022-10-11,10:11,,
3/Screenshot_153.jpg,NT,2022-10-13,09:46,,
3/Screenshot_154.jpg,NT,2022-10-18,10:01,,
3/Screenshot_154.jpg,NT,2022-10-18,10:47,,
3/Screenshot_154.jpg,NT,2022-10-18,11:33,,
3/Screenshot_154.jpg,NT,2022-10-18,11:49,,
3/Screenshot_155.jpg,NT,2022-10-19,10:06,,
3/Screenshot_156.jpg,NT,2022-10-20,09:45,,
3/Screenshot_157.jpg,NT,2022-10-21,09:43,,
3/Screenshot_158.jpg,NT,2022-10-24,10:31,,
3/Screenshot_159.jpg,NT,2022-10-25,09:41,,
3/Screenshot_160.jpg,NT,2022-10-26,10:31,,
3/Screenshot_161.jpg,NT,2022-10-27,10:01,,
3/Screenshot_162.jpg,NT,2022-10-28,10:21,,
3/Screenshot_162.jpg,NT,2022-10-28,08:57,,
3/Screenshot_163.jpg,NT,2022-10-31,10:15,,
3/Screenshot_163.jpg,NT,2022-10-31,11:01,,
3/Screenshot_163.jpg,NT,2022-10-31,10:42,,
3/Screenshot_164.jpg,NT,2022-11-04,09:56,,
3/Screenshot_165.jpg,NT,2022-11-08,09:50,,
3/Screenshot_166.jpg,NT,2022-11-08,13:37,,
3/Screenshot_166.jpg,NT,2022-11-08,14:37,,
3/Screenshot_167.jpg,NT,2022-11-10,10:46,,
3/Screenshot_167.jpg,NT,2022-11-10,09:53,,
3/Screenshot_168.jpg,NT,2022-11-11,10:06,,
3/Screenshot_168.jpg,NT,2022-11-11,09:41,,
3/Screenshot_169.jpg,NT,2022-11-14,09:51,,
3/Screenshot_170.jpg,NT,2022-11-16,09:56,,
3/Screenshot_170.jpg,NT,2022-11-16,10:26,,
3/Screenshot_170.jpg,NT,2022-11-16,11:00,,
3/Screenshot_171.jpg,NT,2022-11-07,10:16,,
3/Screenshot_172.jpg,NT,2022-11-18,10:20,,
3/Screenshot_172.jpg,NT,2022-11-18,11:56,,
3/Screenshot_172.jpg,NT,2022-11-18,11:11,,
3/Screenshot_172.jpg,NT,2022-11-18,12:32,,
3/Screenshot_173.jpg,NT,2022-11-22,10:45,,
3/Screenshot_173.jpg,NT,2022-11-22,10:01,,
3/Screenshot_175.jpg,NT,2022-12-01,09:47,,
3/Screenshot_175.jpg,NT,2022-12-01,10:36,,
3/Screenshot_176.jpg,NT,2022-12-08,09:51,,
3/Screenshot_177.jpg,NT,2022-12-09,11:45,,
3/Screenshot_177.jpg,NT,2022-12-09,10:55,,
3/Screenshot_177.jpg,NT,2022-12-09,10:34,,
3/Screenshot_177.jpg,NT,2022-12-09,09:41,,
3/Screenshot_177.jpg,NT,2022-12-09,10:01,,
3/Screenshot_178.jpg,NT,2022-12-12,09:46,,
3/Screenshot_178.jpg,NT,2022-12-12,10:56,,
3/Screenshot_179.jpg,NT,2022-12-14,09:51,,
3/Screenshot_180.jpg,NT,2022-12-14,14:56,,
3/Screenshot_181.jpg,NT,2022-12-20,12:46,,
3/Screenshot_181.jpg,NT,2022-12-20,11:48,,
3/Screenshot_181.jpg,NT,2022-12-20,09:59,,
3/Screenshot_182.jpg,NT,2022-12-21,10:06,,
3/Screenshot_182.jpg,NT,2022-12-21,09:41,,
3/Screenshot_184.jpg,NT,2022-12-23,10:11,,
3/Screenshot_185.jpg,NT,2023-01-00,11:46,,
3/Screenshot_185.jpg,NT,2023-01-00,10:52,,
3/Screenshot_186.jpg,NT,2023-01-12,10:00,,
3/Screenshot_187.jpg,NT,2023-01-20,09:42,,
3/Screenshot_188.jpg,NT,2023-01-23,09:40,,
3/Screenshot_189.jpg,NT,2023-01-81,10:17,,
3/Screenshot_190.jpg,NT,2023-02-01,14:46,,
3/Screenshot_191.jpg,NT,2023-02-05,10:12,,
3/Screenshot_192.jpg,NT,2023-02-06,09:50,,
3/Screenshot_192.jpg,NT,2023-02-06,10:42,,
3/Screenshot_193.jpg,NT,2023-02-07,11:31,,
3/Screenshot_193.jpg,NT,2023-02-07,12:35,,
3/Screenshot_193.jpg,NT,2023-02-07,10:37,,
3/Screenshot_193.jpg,NT,2023-02-07,10:17,,
3/Screenshot_194.jpg,NT,2023-02-07,13:57,,
3/Screenshot_195.jpg,NT,2023-02-13,10:47,,
3/Screenshot_195.jpg,NT,2023-02-13,09:56,,
3/Screenshot_195.jpg,NT,2023-02-13,09:43,,
3/Screenshot_196.jpg,NT,2023-02-14,09:40,,
3/Screenshot_197.jpg,NT,2023-02-16,10:21,,
3/Screenshot_198.jpg,NT,2023-02-19,13:37,,
3/Screenshot_199.jpg,NT,2023-02-22,10:40,,
3/Screenshot_200.jpg,NT,2023-02-23,09:45,,
3/Screenshot_200.jpg,NT,2023-02-23,10:31,,
3/Screenshot_200.jpg,NT,2023-02-23,12:07,,
3/Screenshot_201.jpg,NT,2023-03-03,09:42,,
3/Screenshot_202.jpg,NT,2023-03-06,09:56,,
3/Screenshot_203.jpg,NT,2023-03-10,09:56,,
4/Screenshot_204.jpg,NT,2023-03-13,09:51,,
4/Screenshot_205.jpg,NT,2023-03-16,10:26,,
4/Screenshot_206.jpg,NT,2023-04-06,09:56,,
4/Screenshot_207.jpg,NT,2023-04-10,09:56,,
4/Screenshot_208.jpg,NT,2023-04-03,09:33,,
4/Screenshot_208.jpg,NT,2023-04-03,08:47,,
4/Screenshot_209.jpg,NT,2023-04-14,13:42,,
4/Screenshot_209.jpg,NT,2023-04-14,13:01,,
4/Screenshot_210.jpg,NT,2023-04-21,10:57,,
4/Screenshot_210.jpg,NT,2023-04-21,10:11,,
4/Screenshot_211.jpg,NT,2023-04-27,11:14,,
4/Screenshot_211.jpg,NT,2023-04-27,10:40,,
4/Screenshot_211.jpg,NT,2023-04-27,10:08,,
4/Screenshot_211.jpg,NT,2023-04-27,09:52,,
4/Screenshot_212.jpg,NT,2023-05-08,11:35,,
4/Screenshot_212.jpg,NT,2023-05-08,10:01,,
4/Screenshot_212.jpg,NT,2023-05-08,10:42,,
4/Screenshot_213.jpg,NT,2023-05-15,11:05,,
4/Screenshot_213.jpg,NT,2023-05-15,10:17,,
4/Screenshot_214.jpg,NT,2026-07-24,10:06,,
4/Screenshot_214.jpg,NT,2026-07-24,10:47,,
4/Screenshot_215.jpg,NT,2023-07-17,09:56,,
4/Screenshot_216.jpg,NT,2023-07-18,11:36,,
4/Screenshot_216.jpg,NT,2023-07-18,11:01,,
4/Screenshot_216.jpg,NT,2023-07-18,10:41,,
4/Screenshot_217.jpg,NT,2023-08-03,11:02,,
4/Screenshot_217.jpg,NT,2023-08-03,10:37,,
4/Screenshot_218.jpg,NT,2023-08-04,10:11,,
4/Screenshot_220.jpg,NT,2023-08-14,09:41,,
4/Screenshot_221.jpg,NT,2023-08-23,09:46,,
4/Screenshot_222.jpg,NT,2023-08-25,12:06,,
4/Screenshot_222.jpg,NT,2023-08-25,11:07,,
4/Screenshot_224.jpg,NT,2023-09-07,10:43,,
4/Screenshot_224.jpg,NT,2023-09-07,12:07,,
4/Screenshot_224.jpg,NT,2023-09-07,09:40,,
4/Screenshot_224.jpg,NT,2023-09-07,10:11,,
4/Screenshot_225.jpg,NT,2023-09-13,10:25,,
4/Screenshot_226.jpg,NT,2023-09-14,10:26,,
4/Screenshot_227.jpg,NT,2023-09-20,14:47,,
4/Screenshot_228.jpg,NT,2023-09-28,10:42,,
4/Screenshot_228.jpg,NT,2023-09-28,09:51,,
4/Screenshot_229.jpg,NT,2023-10-02,10:01,,
4/Screenshot_230.jpg,NT,2023-10-06,10:26,,
4/Screenshot_231.jpg,NT,2023-10-09,10:09,,
4/Screenshot_231.jpg,NT,2023-10-09,11:16,,
4/Screenshot_231.jpg,NT,2023-10-09,09:41,,
4/Screenshot_232.jpg,NT,2023-10-12,10:01,,
4/Screenshot_232.jpg,NT,2023-10-12,14:26,,
4/Screenshot_233.jpg,NT,2023-10-16,09:57,,
4/Screenshot_234.jpg,NT,2023-10-17,10:01,,
4/Screenshot_235.jpg,NT,2023-10-23,09:51,,
4/Screenshot_236.jpg,NT,2023-10-31,10:17,,
4/Screenshot_237.jpg,NT,2023-11-01,15:08,,
4/Screenshot_238.jpg,NT,2023-11-07,10:17,,
4/Screenshot_239.jpg,NT,2023-11-12,11:48,,
4/Screenshot_240.jpg,NT,2023-11-13,10:00,,
4/Screenshot_241.jpg,NT,2023-12-05,09:40,,
4/Screenshot_242.jpg,NT,2023-12-07,10:16,,
4/Screenshot_242.jpg,NT,2023-12-07,11:26,,
4/Screenshot_243.jpg,NT,2023-12-10,10:04,,
4/Screenshot_244.jpg,NT,2023-12-18,11:12,,
4/Screenshot_244.jpg,NT,2023-12-18,09:58,,
4/Screenshot_245.jpg,NT,2023-12-29,10:57,,
4/Screenshot_245.jpg,NT,2023-12-29,13:37,,
4/Screenshot_245.jpg,NT,2023-12-29,12:53,,
4/Screenshot_245.jpg,NT,2023-12-29,11:37,,
4/Screenshot_246.jpg,NT,2024-01-02,10:01,,
4/Screenshot_246.jpg,NT,2024-01-02,10:56,,
4/Screenshot_247.jpg,NT,2024-01-09,10:44,,
4/Screenshot_247.jpg,NT,2024-01-09,09:51,,
4/Screenshot_248.jpg,NT,2024-01-00,11:46,,
4/Screenshot_248.jpg,NT,2024-01-00,10:32,,
4/Screenshot_248.jpg,NT,2024-01-00,10:11,,
4/Screenshot_249.jpg,NT,2024-01-16,09:57,,
4/Screenshot_250.jpg,NT,2024-01-17,10:05,,
4/Screenshot_251.jpg,NT,2024-01-24,09:46,,
4/Screenshot_252.jpg,NT,2024-01-31,14:25,,
4/Screenshot_252.jpg,NT,2024-01-31,11:05,,
4/Screenshot_253.jpg,NT,2024-02-05,11:49,,
4/Screenshot_253.jpg,NT,2024-02-05,10:25,,
4/Screenshot_253.jpg,NT,2024-02-05,11:18,,
4/Screenshot_254.jpg,NT,2024-02-07,10:12,,
4/Screenshot_254.jpg,NT,2024-02-07,09:46,,
4/Screenshot_255.jpg,NT,2024-02-09,09:47,,
4/Screenshot_256.jpg,NT,2024-02-12,10:00,,
4/Screenshot_256.jpg,NT,2024-02-12,10:26,,
4/Screenshot_257.jpg,NT,2024-02-02,09:41,,
4/Screenshot_258.jpg,NT,2024-03-06,10:16,,
4/Screenshot_259.jpg,NT,2024-03-07,10:16,,
4/Screenshot_260.jpg,NT,2024-03-08,09:47,,
4/Screenshot_261.jpg,NT,2024-03-11,10:06,,
4/Screenshot_262.jpg,NT,2024-03-12,09:51,,
4/Screenshot_263.jpg,NT,2024-03-19,09:56,,
4/Screenshot_264.jpg,NT,2024-03-20,14:41,,
4/Screenshot_264.jpg,NT,2024-03-20,14:26,,
4/Screenshot_264.jpg,NT,2024-03-20,12:21,,
4/Screenshot_264.jpg,NT,2024-03-20,11:04,,
4/Screenshot_264.jpg,NT,2024-03-20,09:56,,
4/Screenshot_264.jpg,NT,2024-03-20,13:57,,
4/Screenshot_265.jpg,NT,2024-03-22,11:02,,
4/Screenshot_266.jpg,NT,2024-03-25,09:52,,
4/Screenshot_267.jpg,NT,2024-04-02,10:48,,
4/Screenshot_267.jpg,NT,2024-04-02,10:02,,
4/Screenshot_267.jpg,NT,2024-04-02,11:05,,
4/Screenshot_268.jpg,NT,2024-04-03,09:51,,
4/Screenshot_269.jpg,NT,2024-04-05,09:45,,
4/Screenshot_270.jpg,NT,2024-04-18,09:52,,
4/Screenshot_271.jpg,NT,2024-04-22,09:41,,
4/Screenshot_271.jpg,NT,2024-04-22,11:20,,
4/Screenshot_272.jpg,NT,2024-04-25,10:07,,
4/Screenshot_272.jpg,NT,2024-04-25,11:02,,
4/Screenshot_272.jpg,NT,2024-04-25,09:41,,
4/Screenshot_273.jpg,NT,2024-05-02,10:17,,
4/Screenshot_274.jpg,NT,2024-05-15,10:01,,
4/Screenshot_275.jpg,NT,2024-06-03,10:21,,
4/Screenshot_275.jpg,NT,2024-06-03,13:22,,
4/Screenshot_276.jpg,NT,2024-06-07,09:42,,
4/Screenshot_277.jpg,NT,2024-06-01,10:02,,
4/Screenshot_278.jpg,NT,2024-06-17,10:36,,
4/Screenshot_278.jpg,NT,2024-06-17,09:57,,
4/Screenshot_279.jpg,NT,2024-06-21,10:02,,
4/Screenshot_280.jpg,NT,2024-06-28,09:40,,
4/Screenshot_281.jpg,NT,2024-07-01,10:26,,
4/Screenshot_281.jpg,NT,2024-07-01,10:02,,
4/Screenshot_282.jpg,NT,2026-07-27,09:55,,
4/Screenshot_282.jpg,NT,2026-07-27,10:50,,
4/Screenshot_283.jpg,NT,2024-06-80,09:40,,
4/Screenshot_284.jpg,NT,2024-07-07,10:21,,
4/Screenshot_284.jpg,NT,2024-07-07,10:02,,
4/Screenshot_285.jpg,NT,2024-07-15,10:00,,
4/Screenshot_286.jpg,NT,2024-07-02,12:11,,
4/Screenshot_287.jpg,NT,2024-08-06,11:37,,
4/Screenshot_287.jpg,NT,2024-08-06,10:10,,
4/Screenshot_287.jpg,NT,2024-08-06,09:52,,
Charts/Screenshot_288.jpg,NT,2024-08-12,10:08,,
Charts/Screenshot_289.jpg,NT,2024-08-14,10:20,,
Charts/Screenshot_289.jpg,NT,2024-08-14,10:42,,
Charts/Screenshot_290.jpg,NT,2024-08-09,10:51,,
Charts/Screenshot_290.jpg,NT,2024-08-09,09:49,,
Charts/Screenshot_290.jpg,NT,2024-08-09,10:25,,
Charts/Screenshot_291.jpg,NT,2024-08-21,09:42,,
Charts/Screenshot_291.jpg,NT,2024-08-21,12:10,,
Charts/Screenshot_292.jpg,NT,2024-08-22,11:56,,
Charts/Screenshot_293.jpg,NT,2024-08-23,09:52,,
Charts/Screenshot_294.jpg,NT,2024-08-23,10:56,,
Charts/Screenshot_294.jpg,NT,2024-08-23,12:51,,
Charts/Screenshot_295.jpg,NT,2024-08-27,09:46,,
Charts/Screenshot_296.jpg,NT,2024-08-80,12:42,,
Charts/Screenshot_297.jpg,NT,2024-09-04,10:27,,
Charts/Screenshot_297.jpg,NT,2024-09-04,09:47,,
Charts/Screenshot_298.jpg,NT,2024-09-10,12:21,,
Charts/Screenshot_299.jpg,NT,2024-09-11,11:08,,
Charts/Screenshot_299.jpg,NT,2024-09-11,10:56,,
Charts/Screenshot_300.jpg,NT,2024-09-12,11:10,,
Charts/Screenshot_300.jpg,NT,2024-09-12,12:11,,
Charts/Screenshot_300.jpg,NT,2024-09-12,10:11,,
Charts/Screenshot_301.jpg,NT,2024-09-19,10:03,,
Charts/Screenshot_302.jpg,NT,2024-09-20,11:35,,
Charts/Screenshot_302.jpg,NT,2024-09-20,11:19,,
Charts/Screenshot_303.jpg,NT,2024-09-04,10:11,,
Charts/Screenshot_303.jpg,NT,2024-09-04,10:45,,
Charts/Screenshot_304.jpg,NT,2024-09-80,14:31,,
Charts/Screenshot_305.jpg,NT,2024-10-04,12:30,,
Charts/Screenshot_305.jpg,NT,2024-10-04,10:16,,
Charts/Screenshot_306.jpg,NT,2026-07-28,11:12,,
Charts/Screenshot_306.jpg,NT,2026-07-28,10:41,,
Charts/Screenshot_306.jpg,NT,2026-07-28,10:05,,
Charts/Screenshot_307.jpg,NT,2024-10-16,10:56,,
Charts/Screenshot_308.jpg,NT,2024-10-17,09:46,,
Charts/Screenshot_308.jpg,NT,2024-10-17,11:32,,
Charts/Screenshot_308.jpg,NT,2024-10-17,10:22,,
Charts/Screenshot_309.jpg,NT,2024-10-18,09:42,,
Charts/Screenshot_310.jpg,NT,2024-10-22,09:42,,
Charts/Screenshot_312.jpg,NT,2024-10-29,09:43,,
Charts/Screenshot_313.jpg,NT,2024-10-30,09:50,,
Charts/Screenshot_314.jpg,NT,2024-11-04,10:01,,
Charts/Screenshot_314.jpg,NT,2024-11-04,09:45,,
Charts/Screenshot_315.jpg,NT,2024-11-05,09:52,,
Charts/Screenshot_316.jpg,NT,2024-11-06,10:01,,
Charts/Screenshot_317.jpg,NT,2024-11-07,09:56,,
Charts/Screenshot_319.jpg,NT,2024-11-17,11:10,,
Charts/Screenshot_319.jpg,NT,2024-11-17,12:21,,
Charts/Screenshot_319.jpg,NT,2024-11-17,14:57,,
Charts/Screenshot_321.jpg,NT,2024-12-02,11:35,,
Charts/Screenshot_321.jpg,NT,2024-12-02,09:56,,
Charts/Screenshot_322.jpg,NT,2026-07-29,10:57,,
Charts/Screenshot_322.jpg,NT,2026-07-29,12:21,,
Charts/Screenshot_323.jpg,NT,2024-12-18,09:41,,
Charts/Screenshot_324.jpg,NT,2025-01-17,10:32,,
Charts/Screenshot_325.jpg,NT,2025-01-28,09:51,,
Charts/Screenshot_326.jpg,NT,2026-07-30,09:42,,
Charts/Screenshot_327.jpg,NT,2026-07-01,10:21,,
Charts/Screenshot_329.jpg,NT,2025-02-10,09:40,,
Charts/Screenshot_330.jpg,NT,2026-08-03,09:57,,
Charts/Screenshot_331.jpg,NT,2025-03-04,10:26,,
Charts/Screenshot_332.jpg,NT,2025-03-05,10:11,,
Charts/Screenshot_332.jpg,NT,2025-03-05,10:36,,
Charts/Screenshot_332.jpg,NT,2025-03-05,11:51,,
Charts/Screenshot_333.jpg,NT,2025-03-06,09:59,,
Charts/Screenshot_334.jpg,NT,2025-03-19,09:51,,
Charts/Screenshot_335.jpg,NT,2025-03-27,09:45,,
Charts/Screenshot_336.jpg,NT,2025-03-31,09:51,,
Charts/Screenshot_337.jpg,NT,2025-04-01,09:40,,
Charts/Screenshot_338.jpg,NT,2025-04-07,09:52,,
Charts/Screenshot_340.jpg,NT,2025-04-16,10:07,,
Charts/Screenshot_341.jpg,NT,2025-04-17,11:07,,
Charts/Screenshot_342.jpg,NT,2025-04-22,09:41,,
Charts/Screenshot_343.jpg,NT,2025-04-25,10:01,,
Charts/Screenshot_344.jpg,NT,2025-04-29,09:47,,
Charts/Screenshot_345.jpg,NT,2025-05-06,10:01,,
Charts/Screenshot_346.jpg,NT,2025-05-27,09:47,,
Charts/Screenshot_347.jpg,NT,2025-06-03,09:57,,
Charts/Screenshot_347.jpg,NT,2025-06-03,09:46,,
Charts/Screenshot_348.jpg,NT,2025-06-05,10:41,,
Charts/Screenshot_349.jpg,NT,2025-06-09,09:47,,
Charts/Screenshot_350.jpg,NT,2025-06-10,11:41,,
Charts/Screenshot_351.jpg,NT,2025-06-13,10:56,,
Charts/Screenshot_351.jpg,NT,2025-06-13,10:35,,
Charts/Screenshot_352.jpg,NT,2025-06-18,09:41,,
