rank,entry,symbol,stop,window,side,target_r,trades_day,firm,risk,funded_size,is_net_per_eval,oos_net_per_eval,net_2026,oos_pass_pct,oos_payouts,is_trades_win_pct,is_ev_r,y2021,y2022,y2023,y2024,y2025,y2026
1,DRIVE 15m NY,MNQ,0.20 × ATR,ALL,BOTH,5,1,TAKE PROFIT TRADER 50K → PRO,250,0.5,854,-206,-193,28,0.00,30.5,0.203,1612,567,566,678,-219,-193
2,DRIVE 1m LONDON,MGC,8 pts,ALL,BOTH,1.5,1,TAKE PROFIT TRADER 50K → PRO,250,1,989,-182,-181,9,0.00,45.8,0.071,2278,634,726,469,-182,-181
3,ORB 30m NY,MNQ,NATURAL (pattern),ALL,LONG,2,1,TRADEIFY SELECT 50K (Flex payouts),400,1,608,-99,-99,0,0.00,53.1,0.125,403,909,454,573,-99,-99
4,ORB 30m NY,MNQ,NATURAL (pattern),ALL,LONG,2,1,LUCID FLEX 50K,400,1,587,-120,-120,0,0.00,53.1,0.125,382,888,433,552,-120,-120
5,DRIVE 15m NY,MNQ,0.20 × ATR,ALL,BOTH,3,1,TRADEIFY SELECT 50K (Flex payouts),250,0.5,452,-74,-75,24,0.05,32.9,0.148,530,475,380,477,-68,-75
6,DRIVE 15m NY,MNQ,0.20 × ATR,ALL,BOTH,3,1,LUCID FLEX 50K,250,0.5,431,-95,-96,24,0.05,32.9,0.148,509,454,359,456,-89,-96
7,DRIVE 15m NY,MNQ,0.20 × ATR,NY AM 08–11,BOTH,4,1,TRADEIFY SELECT 50K (Flex payouts),250,0.5,570,-7,-63,30,0.18,31.0,0.180,557,809,358,596,37,-63
8,DRIVE 1m LONDON,MGC,8 pts,ALL,BOTH,1.5,1,TRADEIFY SELECT 50K (Flex payouts),250,0.5,416,-99,-99,9,0.00,45.8,0.071,376,357,545,425,-99,-99
9,ORB 30m NY,MNQ,NATURAL (pattern),ALL,LONG,3,1,LUCID FLEX 50K,600,1,430,-120,-120,2,0.00,52.9,0.136,608,478,351,354,-120,-120
10,ORB 30m NY,MNQ,NATURAL (pattern),ALL,LONG,1.5,1,TRADEIFY SELECT 50K (Flex payouts),400,1,515,-99,-99,0,0.00,54.2,0.126,337,849,498,531,-99,-99
11,DRIVE 15m NY,MNQ,0.20 × ATR,NY AM 08–11,BOTH,4,1,LUCID FLEX 50K,250,0.5,549,-28,-84,30,0.18,31.0,0.180,536,788,337,575,16,-84
12,DRIVE 1m LONDON,MGC,8 pts,ALL,BOTH,1.5,1,LUCID FLEX 50K,250,0.5,395,-120,-120,9,0.00,45.8,0.071,355,336,524,404,-120,-120
13,DRIVE 1m LONDON,MGC,8 pts,ALL,BOTH,1.5,1,TRADEIFY SELECT 50K (Flex payouts),250,1,672,-96,-99,9,0.01,45.8,0.071,329,526,868,662,-93,-99
14,DRIVE 1m LONDON,MGC,8 pts,ALL,BOTH,3,1,TRADEIFY SELECT 50K (Flex payouts),250,1,596,-99,-99,7,0.00,38.2,0.035,1485,317,322,459,-99,-99
15,ORB 30m NY,MNQ,NATURAL (pattern),ALL,LONG,1.5,1,LUCID FLEX 50K,400,1,494,-120,-120,0,0.00,54.2,0.126,316,828,477,510,-120,-120
16,DRIVE 1m LONDON,MGC,8 pts,ALL,BOTH,1.5,1,LUCID FLEX 50K,250,1,651,-117,-120,9,0.01,45.8,0.071,308,505,847,641,-114,-120
17,DRIVE 1m LONDON,MGC,8 pts,ALL,BOTH,3,1,LUCID FLEX 50K,250,1,575,-120,-120,7,0.00,38.2,0.035,1464,296,301,438,-120,-120
18,ORB 30m NY,MNQ,NATURAL (pattern),ALL,LONG,3,1,TRADEIFY SELECT 50K (Flex payouts),400,1,686,-99,-99,0,0.00,52.9,0.136,279,864,676,743,-99,-99
19,ORB 30m NY,MNQ,NATURAL (pattern),ALL,LONG,4,1,TRADEIFY SELECT 50K (Flex payouts),400,1,440,-99,-99,0,0.00,52.6,0.134,279,474,389,697,-99,-99
20,ORB 30m NY,MNQ,NATURAL (pattern),ALL,LONG,5,1,TRADEIFY SELECT 50K (Flex payouts),400,1,427,-99,-99,0,0.00,52.6,0.134,279,474,349,697,-99,-99
21,ORB 30m NY,MNQ,NATURAL (pattern),ALL,LONG,1,1,TRADEIFY SELECT 50K (Flex payouts),600,0.5,539,-99,-99,0,0.00,58.2,0.117,260,587,759,434,-99,-99
22,ORB 30m NY,MNQ,NATURAL (pattern),ALL,LONG,3,1,LUCID FLEX 50K,400,1,665,-120,-120,0,0.00,52.9,0.136,258,843,655,722,-120,-120
23,ORB 30m NY,MNQ,NATURAL (pattern),ALL,LONG,4,1,LUCID FLEX 50K,400,1,449,-120,-120,0,0.00,52.6,0.134,258,475,498,593,-120,-120
24,ORB 30m NY,MNQ,NATURAL (pattern),ALL,LONG,5,1,LUCID FLEX 50K,400,1,443,-120,-120,0,0.00,52.6,0.134,258,475,497,610,-120,-120
25,ORB 30m NY,MNQ,NATURAL (pattern),NY AM 08–11,BOTH,1.5,1,TRADEIFY SELECT 50K (Flex payouts),400,0.5,683,-99,-99,21,0.00,51.5,0.110,586,248,1099,765,-99,-99
26,ORB 30m NY,MNQ,NATURAL (pattern),ALL,LONG,0.75,1,TRADEIFY SELECT 50K (Flex payouts),1500,0.5,443,-45,-77,19,0.09,62.2,0.098,1002,266,434,240,-25,-77
27,ORB 30m NY,MNQ,NATURAL (pattern),NY AM 08–11,BOTH,1.5,1,TRADEIFY SELECT 50K (Flex payouts),600,0.5,511,-1,-99,26,0.17,51.5,0.110,712,239,279,775,64,-99
28,ORB 30m NY,MNQ,NATURAL (pattern),ALL,LONG,1,1,LUCID FLEX 50K,600,0.5,518,-120,-120,0,0.00,58.2,0.117,239,566,738,413,-120,-120
29,ORB 30m NY,MNQ,NATURAL (pattern),NY AM 08–11,BOTH,1.5,1,LUCID FLEX 50K,400,0.5,662,-120,-120,21,0.00,51.5,0.110,565,227,1078,744,-120,-120
30,ORB 30m NY,MNQ,NATURAL (pattern),ALL,LONG,0.75,1,TRADEIFY SELECT 50K (Flex payouts),2000,1,362,-45,-99,22,0.04,62.2,0.098,534,654,344,219,-10,-99
31,ORB 30m NY,MNQ,NATURAL (pattern),ALL,LONG,0.75,1,LUCID FLEX 50K,1500,0.5,422,-66,-98,19,0.09,62.2,0.098,981,245,413,219,-46,-98
32,ORB 30m NY,MNQ,NATURAL (pattern),NY AM 08–11,BOTH,1.5,1,LUCID FLEX 50K,600,0.5,490,-22,-120,26,0.17,51.5,0.110,691,218,258,754,43,-120
33,ORB 30m NY,MNQ,NATURAL (pattern),ALL,LONG,2,1,TRADEIFY SELECT 50K (Flex payouts),600,0.5,379,-99,-99,6,0.00,53.1,0.125,202,500,419,283,-99,-99
34,DRIVE 15m NY,MNQ,0.20 × ATR,NY AM 08–11,BOTH,4,1,TAKE PROFIT TRADER 50K → PRO,250,0.5,636,-206,-193,30,0.01,31.0,0.180,814,201,743,714,-218,-193
35,ORB 30m NY,MNQ,NATURAL (pattern),NY AM 08–11,BOTH,1,1,TRADEIFY SELECT 50K (Flex payouts),600,1,462,-87,-99,20,0.02,55.6,0.084,473,584,200,592,-79,-99
36,SWEEP 60m,MNQ,0.20 × ATR,ASIA 18–02,BOTH,2,2,TRADEIFY SELECT 50K (Flex payouts),600,1,360,144,-52,26,0.15,37.9,0.118,237,459,616,198,241,-52
37,ORB 30m NY,MNQ,NATURAL (pattern),NY AM 08–11,BOTH,1,1,TAKE PROFIT TRADER 50K → PRO,600,0.5,679,-195,-177,20,0.00,55.6,0.084,968,196,1057,450,-208,-177
38,ORB 30m NY,MNQ,NATURAL (pattern),NY AM 08–11,BOTH,1.5,1,TRADEIFY SELECT 50K (Flex payouts),800,0.5,400,-10,-99,14,0.13,51.5,0.110,591,238,191,521,52,-99
39,ORB 30m NY,MNQ,NATURAL (pattern),NY AM 08–11,LONG,0.75,1,TRADEIFY SELECT 50K (Flex payouts),600,1,391,-99,-99,14,0.00,62.0,0.096,599,185,369,384,-99,-99
40,ORB 15m NY,MNQ,NATURAL (pattern),NY AM 08–11,BOTH,4,1,TRADEIFY SELECT 50K (Flex payouts),250,1,339,-11,-99,53,0.16,42.0,0.113,189,652,184,497,19,-99
41,ORB 30m NY,MNQ,0.20 × ATR,ALL,BOTH,4,1,TRADEIFY SELECT 50K (Flex payouts),250,0.5,446,-79,-99,14,0.04,33.3,0.131,973,191,183,429,-64,-99
42,ORB 30m NY,MNQ,NATURAL (pattern),NY AM 08–11,BOTH,1.5,1,TRADEIFY SELECT 50K (Flex payouts),600,1,574,113,-99,26,0.24,51.5,0.110,965,318,182,774,255,-99
43,ORB 30m NY,MNQ,NATURAL (pattern),ALL,LONG,1,1,TRADEIFY SELECT 50K (Flex payouts),600,1,343,-99,-99,0,0.00,58.2,0.117,414,481,315,182,-99,-99
44,ORB 30m NY,MNQ,NATURAL (pattern),ALL,LONG,2,1,LUCID FLEX 50K,600,0.5,358,-120,-120,6,0.00,53.1,0.125,181,479,398,262,-120,-120
45,ORB 30m NY,MNQ,NATURAL (pattern),NY AM 08–11,BOTH,1,1,LUCID FLEX 50K,600,1,441,-108,-120,20,0.02,55.6,0.084,452,563,179,571,-100,-120
46,ORB 30m NY,MNQ,0.20 × ATR,NY AM 08–11,BOTH,3,1,TAKE PROFIT TRADER 50K → PRO,250,1,1170,-175,-170,4,0.00,34.3,0.100,3884,203,175,504,-179,-170
47,ORB 30m NY,MNQ,NATURAL (pattern),NY AM 08–11,BOTH,3,1,TRADEIFY SELECT 50K (Flex payouts),400,0.5,524,-99,-99,26,0.00,49.9,0.133,911,174,238,852,-99,-99
48,ORB 30m NY,MNQ,NATURAL (pattern),ALL,LONG,1.5,1,TRADEIFY SELECT 50K (Flex payouts),600,0.5,356,-99,-99,0,0.00,54.2,0.126,173,462,420,338,-99,-99
49,ORB 30m NY,MNQ,NATURAL (pattern),ALL,LONG,3,1,TRADEIFY SELECT 50K (Flex payouts),600,0.5,356,-99,-99,2,0.00,52.9,0.136,171,467,384,379,-99,-99
50,ORB 30m NY,MNQ,NATURAL (pattern),NY AM 08–11,BOTH,1.5,1,LUCID FLEX 50K,800,0.5,379,-31,-120,14,0.13,51.5,0.110,570,217,170,500,31,-120
51,ORB 30m NY,MNQ,NATURAL (pattern),NY AM 08–11,BOTH,1,1,TRADEIFY SELECT 50K (Flex payouts),400,0.5,321,-99,-99,10,0.00,55.6,0.084,165,193,540,391,-99,-99
52,ORB 30m NY,MNQ,NATURAL (pattern),ALL,LONG,0.75,1,TAKE PROFIT TRADER 50K → PRO,600,1,406,-195,-170,19,0.00,62.2,0.098,169,528,165,680,-209,-170
53,ORB 30m NY,MNQ,NATURAL (pattern),NY AM 08–11,LONG,0.75,1,LUCID FLEX 50K,600,1,370,-120,-120,14,0.00,62.0,0.096,578,164,348,363,-120,-120
54,SWEEP 15m,MNQ,40 pts,NY AM 08–11,LONG,5,1,TRADEIFY SELECT 50K (Flex payouts),250,0.5,459,72,-59,26,0.24,25.7,0.147,179,884,526,164,140,-59
55,ORB 15m NY,MNQ,NATURAL (pattern),NY AM 08–11,BOTH,4,1,LUCID FLEX 50K,250,1,318,-32,-120,53,0.16,42.0,0.113,168,631,163,476,-2,-120
56,ORB 30m NY,MNQ,0.20 × ATR,ALL,BOTH,4,1,LUCID FLEX 50K,250,0.5,425,-100,-120,14,0.04,33.3,0.131,952,170,162,408,-85,-120
57,ORB 30m NY,MNQ,NATURAL (pattern),NY AM 08–11,BOTH,1.5,1,LUCID FLEX 50K,600,1,553,92,-120,26,0.24,51.5,0.110,944,297,161,753,234,-120
58,ORB 30m NY,MNQ,NATURAL (pattern),ALL,LONG,1,1,LUCID FLEX 50K,600,1,322,-120,-120,0,0.00,58.2,0.117,393,460,294,161,-120,-120
59,ORB 30m LONDON,MNQ,0.20 × ATR,ALL,LONG,2,1,TRADEIFY SELECT 50K (Flex payouts),600,1,345,-79,-99,16,0.01,39.3,0.154,158,161,516,381,-99,-99
60,DRIVE 15m NY,MNQ,0.20 × ATR,ALL,BOTH,3,1,TAKE PROFIT TRADER 50K → PRO,250,0.5,381,-201,-191,24,0.00,32.9,0.148,222,157,796,401,-211,-191
61,ORB 30m NY,MNQ,NATURAL (pattern),NY AM 08–11,BOTH,3,1,LUCID FLEX 50K,400,0.5,503,-120,-120,26,0.00,49.9,0.133,890,153,217,831,-120,-120
62,ORB 30m NY,MNQ,NATURAL (pattern),ALL,LONG,1.5,1,LUCID FLEX 50K,600,0.5,335,-120,-120,0,0.00,54.2,0.126,152,441,399,317,-120,-120
63,ORB 30m NY,MNQ,NATURAL (pattern),ALL,LONG,3,1,LUCID FLEX 50K,600,0.5,391,-120,-120,2,0.00,52.9,0.136,150,510,447,269,-120,-120
64,ORB 30m NY,MNQ,NATURAL (pattern),NY AM 08–11,SHORT,2,1,LUCID FLEX 50K,800,1,399,257,-120,33,0.26,48.2,0.137,302,264,147,1024,528,-120
65,ORB 30m NY,MNQ,0.20 × ATR,NY AM 08–11,SHORT,3,1,TRADEIFY SELECT 50K (Flex payouts),250,1,502,-99,-99,3,0.00,34.0,0.154,1041,147,668,265,-99,-99
66,ORB 30m NY,MNQ,NATURAL (pattern),ALL,LONG,0.75,1,LUCID FLEX 50K,2000,1,327,-67,-120,26,0.04,62.2,0.098,386,462,182,145,-33,-120
67,ORB 30m NY,MNQ,NATURAL (pattern),NY AM 08–11,BOTH,1,1,TRADEIFY SELECT 50K (Flex payouts),600,0.5,411,-68,-99,20,0.07,55.6,0.084,406,324,143,627,-47,-99
68,SWEEP 15m,MNQ,40 pts,NY AM 08–11,LONG,5,1,LUCID FLEX 50K,250,0.5,438,51,-80,26,0.24,25.7,0.147,158,863,505,143,119,-80
69,ORB 30m NY,MNQ,NATURAL (pattern),NY AM 08–11,BOTH,3,1,LUCID FLEX 50K,600,1,805,64,-120,28,0.18,49.9,0.133,1122,508,141,1522,188,-120
70,ORB 30m NY,MNQ,NATURAL (pattern),ALL,LONG,0.75,1,TAKE PROFIT TRADER 50K → PRO,1000,0.5,372,-184,-176,11,0.00,62.2,0.098,333,767,226,141,-190,-176
71,ORB 30m NY,MNQ,NATURAL (pattern),ALL,LONG,0.75,1,TRADEIFY SELECT 50K (Flex payouts),1500,1,581,-57,-99,19,0.04,62.2,0.098,1301,583,529,138,-29,-99
72,ORB 30m NY,MNQ,NATURAL (pattern),ALL,LONG,3,1,TRADEIFY SELECT 50K (Flex payouts),600,1,551,-99,-99,2,0.00,52.9,0.136,629,671,530,137,-99,-99
73,ORB 30m NY,MNQ,NATURAL (pattern),ALL,LONG,1,1,TAKE PROFIT TRADER 50K → PRO,1000,0.5,450,-184,-182,11,0.00,58.2,0.117,406,994,142,136,-190,-182
74,ORB 30m NY,MNQ,NATURAL (pattern),NY AM 08–11,BOTH,2,1,TRADEIFY SELECT 50K (Flex payouts),600,1,852,232,-99,27,0.26,50.4,0.123,1365,529,131,1720,455,-99
75,ORB 30m NY,MNQ,NATURAL (pattern),ALL,LONG,0.75,1,TRADEIFY SELECT 50K (Flex payouts),600,0.5,330,-99,-99,19,0.00,62.2,0.098,131,361,424,388,-99,-99
76,DRIVE 15m NY,MNQ,0.20 × ATR,ALL,LONG,4,1,TRADEIFY SELECT 50K (Flex payouts),250,1,696,-99,-99,0,0.00,32.3,0.173,1429,954,219,131,-99,-99
77,DRIVE 1m LONDON,MGC,8 pts,ALL,BOTH,4,1,TRADEIFY SELECT 50K (Flex payouts),250,0.5,324,-92,-99,16,0.01,37.6,0.032,719,134,321,128,-87,-99
78,ORB 30m NY,MNQ,NATURAL (pattern),ALL,LONG,0.75,1,LUCID FLEX 50K,2000,0.5,319,-71,-92,26,0.07,62.2,0.098,574,354,252,127,-76,-92
79,ORB 30m NY,MNQ,NATURAL (pattern),ALL,LONG,0.75,1,TRADEIFY SELECT 50K (Flex payouts),2000,0.5,323,-58,-71,22,0.06,62.2,0.098,668,233,286,126,-55,-71
80,DRIVE 15m NY,MNQ,0.20 × ATR,ALL,BOTH,5,1,TRADEIFY SELECT 50K (Flex payouts),250,0.5,502,17,-55,28,0.23,30.5,0.203,787,628,126,388,72,-55
81,ORB 30m NY,MNQ,0.20 × ATR,NY AM 08–11,SHORT,3,1,LUCID FLEX 50K,250,1,481,-120,-120,3,0.00,34.0,0.154,1020,126,647,244,-120,-120
82,ORB 30m NY,MNQ,NATURAL (pattern),ALL,LONG,2,1,TRADEIFY SELECT 50K (Flex payouts),600,1,567,-99,-99,6,0.00,53.1,0.125,666,344,445,124,-99,-99
83,DRIVE 15m NY,MNQ,0.20 × ATR,ALL,SHORT,5,1,TRADEIFY SELECT 50K (Flex payouts),250,0.5,482,-51,-99,30,0.09,28.9,0.197,597,122,360,785,-18,-99
84,ORB 30m NY,MNQ,NATURAL (pattern),NY AM 08–11,BOTH,1,1,LUCID FLEX 50K,600,0.5,390,-89,-120,20,0.07,55.6,0.084,385,303,122,606,-68,-120
85,ORB 30m NY,MNQ,NATURAL (pattern),NY AM 08–11,LONG,0.75,1,TRADEIFY SELECT 50K (Flex payouts),1000,0.5,327,-57,-99,10,0.08,62.0,0.096,611,118,338,191,-31,-99
86,DRIVE 1m LONDON,MGC,8 pts,ALL,LONG,1.5,1,LUCID FLEX 50K,1500,1,689,-65,-58,18,0.03,48.1,0.135,586,189,115,1500,-70,-58
87,ORB 30m NY,MNQ,NATURAL (pattern),NY AM 08–11,BOTH,2,1,LUCID FLEX 50K,600,1,818,211,-120,27,0.26,50.4,0.123,1337,500,110,1619,434,-120
88,DRIVE 15m NY,MNQ,0.20 × ATR,ALL,LONG,4,1,LUCID FLEX 50K,250,1,675,-120,-120,0,0.00,32.3,0.173,1408,933,198,110,-120,-120
89,SWEEP 15m,MNQ,40 pts,NY AM 08–11,LONG,5,1,TRADEIFY SELECT 50K (Flex payouts),250,1,323,-8,-66,26,0.07,25.7,0.147,519,109,227,427,-32,-66
90,DRIVE 15m NY,MNQ,0.20 × ATR,ALL,BOTH,5,1,LUCID FLEX 50K,250,0.5,481,-4,-76,28,0.23,30.5,0.203,767,607,105,366,51,-76
91,ORB 30m NY,MNQ,NATURAL (pattern),ALL,LONG,2,1,LUCID FLEX 50K,600,1,545,-120,-120,6,0.00,53.1,0.125,645,323,424,103,-120,-120
92,DRIVE 15m NY,MNQ,0.20 × ATR,ALL,SHORT,5,1,LUCID FLEX 50K,250,0.5,447,-65,-120,30,0.11,28.9,0.197,593,101,339,582,-27,-120
93,DRIVE 1m LONDON,MGC,8 pts,ALL,BOTH,3,1,TRADEIFY SELECT 50K (Flex payouts),250,0.5,473,-99,-99,7,0.00,38.2,0.035,655,101,903,341,-99,-99
94,ORB 30m NY,MNQ,NATURAL (pattern),NY AM 08–11,BOTH,0.75,1,TAKE PROFIT TRADER 50K → PRO,600,1,585,-118,-177,36,0.32,59.8,0.061,361,1117,92,708,-79,-177
95,ORB 15m NY,MNQ,NATURAL (pattern),NY AM 08–11,BOTH,2,1,TRADEIFY SELECT 50K (Flex payouts),250,1,380,38,-99,55,0.26,44.1,0.092,92,546,100,774,87,-99
96,ORB 30m LONDON,MNQ,40 pts,ALL,LONG,5,1,TRADEIFY SELECT 50K (Flex payouts),250,1,518,-99,-99,12,0.00,24.9,0.194,1115,559,365,92,-99,-99
97,ORB 30m NY,MNQ,NATURAL (pattern),ALL,LONG,1,1,TAKE PROFIT TRADER 50K → PRO,800,0.5,423,-175,-182,4,0.00,58.2,0.117,83,919,828,204,-174,-182
98,ORB 30m NY,MNQ,NATURAL (pattern),NY AM 08–11,BOTH,1.5,1,TRADEIFY SELECT 50K (Flex payouts),400,1,836,-49,-99,21,0.09,51.5,0.110,456,83,1745,1086,-22,-99
99,DRIVE 1m LONDON,MGC,8 pts,ALL,BOTH,3,1,LUCID FLEX 50K,250,0.5,452,-120,-120,7,0.00,38.2,0.035,634,80,882,320,-120,-120
100,BREAK 15m,MNQ,0.20 × ATR,LONDON 02–08,BOTH,4,1,LUCID FLEX 50K,400,1,376,-81,-7,21,0.05,25.5,0.044,129,80,1212,79,-120,-7
101,ORB 30m NY,MNQ,40 pts,NY AM 08–11,SHORT,1.5,1,TRADEIFY SELECT 50K (Flex payouts),250,1,380,-99,-99,3,0.00,44.1,0.071,966,79,363,166,-99,-99
102,SWEEP 15m,MNQ,40 pts,LONDON 02–08,LONG,0.75,1,LUCID FLEX 50K,1500,1,350,-77,-54,20,0.03,58.4,0.005,78,203,161,811,-69,-54
103,ORB 30m NY,MNQ,NATURAL (pattern),ALL,LONG,0.75,1,LUCID FLEX 50K,1500,1,504,-78,-120,19,0.04,62.2,0.098,1089,624,451,77,-50,-120
104,ORB 30m NY,MNQ,0.20 × ATR,NY AM 08–11,BOTH,3,1,TRADEIFY SELECT 50K (Flex payouts),250,1,547,-95,-99,4,0.01,34.3,0.100,1551,202,71,401,-92,-99
105,ORB 15m NY,MNQ,NATURAL (pattern),NY AM 08–11,BOTH,2,1,LUCID FLEX 50K,250,1,359,17,-120,55,0.26,44.1,0.092,71,525,79,753,66,-120
106,ORB 30m LONDON,MNQ,40 pts,ALL,LONG,5,1,LUCID FLEX 50K,250,1,508,-120,-120,12,0.00,24.9,0.194,1094,587,344,71,-120,-120
107,ORB 30m NY,MNQ,NATURAL (pattern),NY AM 08–11,BOTH,2,1,TRADEIFY SELECT 50K (Flex payouts),400,0.5,522,-73,-99,23,0.05,50.4,0.123,1119,138,69,758,-60,-99
108,ORB 5m NY,MNQ,NATURAL (pattern),ALL,BOTH,5,1,TRADEIFY SELECT 50K (Flex payouts),250,0.5,356,-63,-99,26,0.08,32.8,0.125,155,840,65,319,-43,-99
109,DRIVE 1m LONDON,MGC,8 pts,ALL,LONG,1.5,1,LUCID FLEX 50K,1000,1,740,0,-120,22,0.08,48.1,0.135,731,64,161,1407,57,-120
110,ORB 30m NY,MNQ,0.20 × ATR,NY AM 08–11,BOTH,3,1,TRADEIFY SELECT 50K (Flex payouts),250,0.5,371,-99,-99,4,0.00,34.3,0.100,1097,62,103,241,-99,-99
111,ORB 30m NY,MNQ,NATURAL (pattern),NY AM 08–11,BOTH,1.5,1,LUCID FLEX 50K,400,1,815,-70,-120,21,0.09,51.5,0.110,435,62,1724,1065,-43,-120
112,ORB 30m NY,MNQ,NATURAL (pattern),NY AM 08–11,LONG,0.75,1,TRADEIFY SELECT 50K (Flex payouts),1000,1,495,-99,-99,10,0.00,62.0,0.096,1060,173,586,61,-99,-99
113,DRIVE 15m NY,MNQ,0.20 × ATR,ALL,SHORT,4,1,TRADEIFY SELECT 50K (Flex payouts),250,0.5,335,-13,-99,32,0.17,29.5,0.187,188,58,289,825,46,-99
114,DRIVE 15m NY,MNQ,0.20 × ATR,NY AM 08–11,LONG,5,1,TRADEIFY SELECT 50K (Flex payouts),250,1,789,-99,-99,0,0.00,31.9,0.209,2031,724,408,58,-99,-99
115,ORB 30m NY,MNQ,40 pts,NY AM 08–11,SHORT,1.5,1,LUCID FLEX 50K,250,1,359,-120,-120,3,0.00,44.1,0.071,945,58,342,145,-120,-120
116,ORB 30m NY,MNQ,NATURAL (pattern),NY AM 08–11,BOTH,3,1,LUCID FLEX 50K,800,1,687,-54,-120,12,0.07,49.9,0.133,938,349,58,1440,-7,-120
117,ORB 30m NY,MNQ,0.20 × ATR,NY AM 08–11,BOTH,4,1,LUCID FLEX 50K,400,0.5,417,-31,-120,13,0.12,33.4,0.148,1252,56,213,291,39,-120
118,VWAP CROSS,MNQ,20 pts,LONDON 02–08,BOTH,1,2,TRADEIFY SELECT 50K (Flex payouts),600,1,491,-32,17,20,0.10,53.8,0.040,227,56,905,906,-42,17
119,DRIVE 1m LONDON,MGC,8 pts,ALL,LONG,1.5,1,LUCID FLEX 50K,1500,0.5,605,-77,-83,18,0.03,48.1,0.135,144,54,123,1524,-72,-83
120,DRIVE 15m NY,MNQ,0.20 × ATR,ALL,SHORT,4,1,TRADEIFY SELECT 50K (Flex payouts),250,1,367,-45,-99,32,0.06,29.5,0.187,284,54,95,764,-8,-99
121,DRIVE 5m LONDON,MNQ,0.10 × ATR,ALL,BOTH,5,1,TRADEIFY SELECT 50K (Flex payouts),250,0.5,400,-94,-99,10,0.01,18.7,0.064,764,628,106,52,-90,-99
122,SWEEP 15m,MNQ,40 pts,LONDON 02–08,LONG,0.75,1,TRADEIFY SELECT 50K (Flex payouts),1500,1,414,-56,-33,20,0.03,58.4,0.005,52,251,159,1007,-48,-33
123,VWAP CROSS,MNQ,20 pts,LONDON 02–08,BOTH,1,1,TRADEIFY SELECT 50K (Flex payouts),1000,1,357,106,129,27,0.15,53.8,0.040,51,162,748,420,90,129
124,ORB 30m NY,MNQ,0.20 × ATR,NY AM 08–11,BOTH,3,1,LUCID FLEX 50K,250,1,526,-116,-120,4,0.01,34.3,0.100,1530,181,50,380,-113,-120
125,BREAK 15m,MNQ,0.20 × ATR,LONDON 02–08,BOTH,4,1,TRADEIFY SELECT 50K (Flex payouts),400,1,410,-32,56,15,0.08,25.5,0.044,122,49,1433,81,-99,56
126,ORB 30m NY,MNQ,NATURAL (pattern),NY AM 08–11,BOTH,2,1,LUCID FLEX 50K,400,0.5,501,-94,-120,23,0.05,50.4,0.123,1098,117,48,737,-81,-120
127,ORB 30m NY,MNQ,NATURAL (pattern),NY AM 08–11,BOTH,0.75,1,TAKE PROFIT TRADER 50K → PRO,1000,0.5,408,-172,-183,18,0.07,59.8,0.061,251,704,48,628,-163,-183
128,DRIVE 15m NY,MNQ,40 pts,ALL,BOTH,5,1,TAKE PROFIT TRADER 50K → PRO,250,0.5,534,-120,-205,32,0.25,28.1,0.184,47,653,836,774,-54,-205
129,ORB 5m NY,MNQ,NATURAL (pattern),ALL,BOTH,4,1,TRADEIFY SELECT 50K (Flex payouts),250,0.5,378,-76,-99,27,0.04,33.2,0.110,54,609,45,773,-63,-99
130,ORB 30m NY,MNQ,NATURAL (pattern),NY AM 08–11,LONG,1,1,TRADEIFY SELECT 50K (Flex payouts),800,1,382,-99,-99,2,0.00,57.7,0.109,856,44,461,140,-99,-99
131,VWAP CROSS,MNQ,20 pts,LONDON 02–08,BOTH,1,2,TAKE PROFIT TRADER 50K → PRO,1000,0.5,384,45,44,23,0.70,53.8,0.040,119,43,483,954,40,44
132,ORB 5m NY,MNQ,NATURAL (pattern),ALL,BOTH,5,1,LUCID FLEX 50K,250,0.5,336,-82,-120,26,0.08,32.8,0.125,139,819,42,298,-61,-120
133,ORB 30m NY,MNQ,0.20 × ATR,NY AM 08–11,BOTH,3,1,LUCID FLEX 50K,250,0.5,350,-120,-120,4,0.00,34.3,0.100,1076,41,82,220,-120,-120
134,ORB 30m NY,MNQ,NATURAL (pattern),NY AM 08–11,BOTH,1,1,TAKE PROFIT TRADER 50K → PRO,600,1,430,-195,-177,20,0.00,55.6,0.084,661,239,41,706,-208,-177
135,ORB 30m NY,MNQ,NATURAL (pattern),NY AM 08–11,LONG,0.75,1,LUCID FLEX 50K,1000,1,450,-120,-120,10,0.00,62.0,0.096,971,152,524,40,-120,-120
136,DRIVE 15m NY,MNQ,0.20 × ATR,NY AM 08–11,LONG,5,1,LUCID FLEX 50K,250,1,778,-120,-120,0,0.00,31.9,0.209,2010,703,414,37,-120,-120
137,DRIVE 1m LONDON,MGC,8 pts,ALL,BOTH,2,1,TRADEIFY SELECT 50K (Flex payouts),250,1,540,-44,-99,13,0.10,41.1,0.052,821,36,841,469,-2,-99
138,ORB 15m NY,MNQ,NATURAL (pattern),NY AM 08–11,LONG,1,1,TRADEIFY SELECT 50K (Flex payouts),400,1,324,34,-99,25,0.25,52.9,0.041,436,382,36,530,129,-99
139,VWAP CROSS,MNQ,20 pts,LONDON 02–08,BOTH,1,2,LUCID FLEX 50K,600,1,467,-53,-4,20,0.10,53.8,0.040,201,35,807,880,-63,-4
140,ORB 30m NY,MNQ,NATURAL (pattern),NY AM 08–11,BOTH,3,1,TRADEIFY SELECT 50K (Flex payouts),600,1,776,36,-99,27,0.13,49.9,0.133,1118,473,35,1611,126,-99
141,ORB 30m NY,MNQ,0.20 × ATR,NY AM 08–11,BOTH,4,1,TAKE PROFIT TRADER 50K → PRO,400,0.5,1119,-136,-172,13,0.14,33.4,0.148,3799,34,153,593,-107,-172
142,ORB 30m NY,MNQ,NATURAL (pattern),ALL,LONG,2,1,LUCID FLEX 50K,1500,1,326,-120,-120,9,0.00,53.1,0.125,668,90,34,251,-120,-120
143,DRIVE 15m NY,MNQ,0.20 × ATR,ALL,SHORT,4,1,LUCID FLEX 50K,250,1,346,-66,-120,32,0.06,29.5,0.187,263,33,74,743,-29,-120
144,DRIVE 15m NY,MNQ,0.20 × ATR,ALL,SHORT,3,1,TRADEIFY SELECT 50K (Flex payouts),250,1,437,-99,-99,20,0.00,31.4,0.132,32,137,523,986,-99,-99
145,ORB 30m NY,MNQ,0.20 × ATR,NY AM 08–11,BOTH,4,1,TRADEIFY SELECT 50K (Flex payouts),400,0.5,382,-27,-99,13,0.10,33.4,0.148,1171,31,142,210,30,-99
146,DRIVE 1m LONDON,MGC,8 pts,ALL,LONG,1.5,1,LUCID FLEX 50K,2000,0.5,477,-69,-69,17,0.03,48.1,0.135,31,171,171,1140,-70,-69
147,DRIVE 5m LONDON,MNQ,0.10 × ATR,ALL,BOTH,5,1,LUCID FLEX 50K,250,0.5,382,-115,-120,10,0.01,18.7,0.064,747,607,83,31,-111,-120
148,DRIVE 15m LONDON,MGC,8 pts,ALL,LONG,1.5,1,TRADEIFY SELECT 50K (Flex payouts),800,1,324,-9,-99,18,0.07,43.7,0.029,240,168,30,942,59,-99
149,DRIVE 1m LONDON,MGC,8 pts,ALL,LONG,1.5,1,TRADEIFY SELECT 50K (Flex payouts),1500,1,733,-64,-99,14,0.02,48.1,0.135,351,30,97,1926,-37,-99
150,ORB 30m NY,MNQ,NATURAL (pattern),ALL,LONG,1.5,1,TRADEIFY SELECT 50K (Flex payouts),600,1,477,-99,-99,0,0.00,54.2,0.126,658,791,253,28,-99,-99
151,DRIVE 15m NY,MNQ,0.20 × ATR,ALL,LONG,3,1,TRADEIFY SELECT 50K (Flex payouts),250,1,573,-99,-99,0,0.00,34.3,0.162,549,1343,370,27,-99,-99
152,ORB 15m NY,MNQ,NATURAL (pattern),NY AM 08–11,BOTH,1,1,TRADEIFY SELECT 50K (Flex payouts),400,1,427,22,-99,41,0.23,53.5,0.058,102,1252,26,274,101,-99
153,BREAK 60m,MNQ,0.10 × ATR,NY AM 08–11,BOTH,4,1,LUCID FLEX 50K,400,1,444,-24,-42,30,0.06,22.8,0.095,25,743,613,368,-17,-42
154,ORB 30m NY,MNQ,NATURAL (pattern),ALL,LONG,1,1,TRADEIFY SELECT 50K (Flex payouts),400,1,470,-99,-99,0,0.00,58.2,0.117,25,898,773,116,-99,-99
155,ORB 5m NY,MNQ,NATURAL (pattern),ALL,BOTH,4,1,LUCID FLEX 50K,250,0.5,357,-97,-120,27,0.04,33.2,0.110,33,588,24,752,-84,-120
156,VWAP CROSS,MNQ,20 pts,LONDON 02–08,BOTH,1,1,LUCID FLEX 50K,1000,1,327,117,131,27,0.17,53.8,0.040,24,131,765,356,108,131
157,ORB 30m NY,MNQ,NATURAL (pattern),NY AM 08–11,LONG,1,1,LUCID FLEX 50K,800,1,352,-120,-120,2,0.00,57.7,0.109,808,23,434,119,-120,-120
158,VWAP CROSS,MNQ,NATURAL (pattern),NY MID 11–14,LONG,0.75,2,TRADEIFY SELECT 50K (Flex payouts),2000,0.5,375,-61,-99,13,0.04,60.1,0.017,68,23,53,893,-71,-99
159,ORB 30m NY,MNQ,NATURAL (pattern),ALL,LONG,2,1,TRADEIFY SELECT 50K (Flex payouts),400,0.5,384,-99,-99,0,0.00,53.1,0.125,21,1055,223,170,-99,-99
160,DRIVE 15m NY,MNQ,0.20 × ATR,ALL,SHORT,5,1,TRADEIFY SELECT 50K (Flex payouts),250,1,404,-37,-99,30,0.06,28.9,0.197,545,64,21,874,6,-99
161,ORB 30m NY,MNQ,NATURAL (pattern),NY AM 08–11,BOTH,1,1,TRADEIFY SELECT 50K (Flex payouts),800,1,356,-87,-99,15,0.02,55.6,0.084,618,352,21,382,-79,-99
162,ORB 30m NY,MNQ,NATURAL (pattern),ALL,LONG,1.5,1,TRADEIFY SELECT 50K (Flex payouts),400,0.5,327,-99,-99,0,0.00,54.2,0.126,20,850,230,87,-99,-99
163,ORB 30m NY,MNQ,NATURAL (pattern),NY AM 08–11,BOTH,5,1,TRADEIFY SELECT 50K (Flex payouts),400,0.5,623,-99,-99,23,0.00,49.7,0.142,1138,19,69,1275,-99,-99
164,ORB 30m NY,MNQ,NATURAL (pattern),NY AM 08–11,BOTH,4,1,TRADEIFY SELECT 50K (Flex payouts),400,0.5,494,-99,-99,21,0.00,49.7,0.133,781,19,55,1103,-99,-99
165,BREAK 15m,MNQ,0.20 × ATR,LONDON 02–08,BOTH,4,1,TRADEIFY SELECT 50K (Flex payouts),250,1,433,-17,87,17,0.14,25.5,0.044,77,262,1348,16,-99,87
166,DRIVE 1m LONDON,MGC,8 pts,ALL,BOTH,2,1,LUCID FLEX 50K,250,1,519,-65,-120,13,0.10,41.1,0.052,800,15,820,448,-23,-120
167,DRIVE 15m NY,MNQ,NATURAL (pattern),ALL,LONG,5,1,TRADEIFY SELECT 50K (Flex payouts),250,1,446,-99,-99,0,0.00,35.0,0.179,611,13,971,30,-99,-99
168,ORB 30m NY,MNQ,0.20 × ATR,ALL,SHORT,4,1,TRADEIFY SELECT 50K (Flex payouts),250,0.5,387,-83,-99,9,0.03,31.6,0.163,1347,119,151,11,-69,-99
169,DRIVE 15m NY,MNQ,0.20 × ATR,ALL,SHORT,3,1,LUCID FLEX 50K,250,1,416,-120,-120,20,0.00,31.4,0.132,11,116,502,965,-120,-120
170,ORB 30m NY,MNQ,NATURAL (pattern),NY AM 08–11,BOTH,1.5,1,LUCID FLEX 50K,1000,0.5,371,-73,-106,15,0.06,51.5,0.110,865,117,9,841,-49,-106
171,DRIVE 1m LONDON,MGC,8 pts,ALL,LONG,5,1,TRADEIFY SELECT 50K (Flex payouts),600,0.5,394,-50,-99,12,0.05,39.8,0.121,93,9,168,1185,-11,-99
172,DRIVE 15m NY,MNQ,0.20 × ATR,ALL,LONG,3,1,TRADEIFY SELECT 50K (Flex payouts),400,1,696,-70,-83,24,0.04,34.3,0.162,973,1811,75,7,-99,-83
173,DRIVE 15m LONDON,MGC,8 pts,ALL,LONG,1.5,1,LUCID FLEX 50K,1000,0.5,318,-95,-120,18,0.03,43.7,0.029,612,377,7,445,-75,-120
174,ORB 30m NY,MNQ,NATURAL (pattern),ALL,LONG,1.5,1,LUCID FLEX 50K,600,1,456,-120,-120,0,0.00,54.2,0.126,637,770,232,7,-120,-120
175,ORB 30m NY,MNQ,NATURAL (pattern),NY AM 08–11,BOTH,2,1,TRADEIFY SELECT 50K (Flex payouts),600,0.5,531,70,-99,27,0.25,50.4,0.123,1032,98,7,1051,184,-99
176,ORB 30m NY,MNQ,NATURAL (pattern),NY AM 08–11,BOTH,5,1,LUCID FLEX 50K,400,0.5,627,-120,-120,24,0.00,49.7,0.142,1220,6,48,1260,-120,-120
177,ORB 30m NY,MNQ,NATURAL (pattern),NY AM 08–11,BOTH,4,1,LUCID FLEX 50K,400,0.5,481,-120,-120,26,0.00,49.7,0.133,765,6,34,1093,-120,-120
178,DRIVE 15m NY,MNQ,0.20 × ATR,ALL,LONG,3,1,LUCID FLEX 50K,250,1,552,-120,-120,0,0.00,34.3,0.162,528,1322,349,6,-120,-120
179,ORB 15m NY,MNQ,NATURAL (pattern),NY AM 08–11,BOTH,1,1,LUCID FLEX 50K,400,1,406,1,-120,41,0.23,53.5,0.058,81,1231,5,253,80,-120
180,DRIVE 15m NY,MNQ,0.20 × ATR,ALL,SHORT,4,1,TAKE PROFIT TRADER 50K → PRO,250,1,346,-205,-189,32,0.03,29.5,0.187,165,5,415,774,-216,-189
181,ORB 30m NY,MNQ,NATURAL (pattern),ALL,LONG,1,1,LUCID FLEX 50K,400,1,449,-120,-120,0,0.00,58.2,0.117,4,877,752,95,-120,-120
182,VWAP CROSS,MNQ,NATURAL (pattern),NY MID 11–14,LONG,0.75,2,TRADEIFY SELECT 50K (Flex payouts),1500,1,453,-73,-99,16,0.02,60.1,0.017,17,3,79,1166,-55,-99
183,DRIVE 1m LONDON,MGC,8 pts,ALL,LONG,1.5,1,TRADEIFY SELECT 50K (Flex payouts),2000,0.5,584,-64,-99,12,0.02,48.1,0.135,21,3,372,1239,-37,-99
184,ORB 30m NY,MNQ,NATURAL (pattern),ALL,LONG,0.75,1,TAKE PROFIT TRADER 50K → PRO,800,0.5,410,-189,-170,15,0.00,62.2,0.098,2,682,898,197,-198,-170
185,ORB 30m LONDON,MNQ,40 pts,ALL,LONG,5,1,LUCID FLEX 50K,400,0.5,319,-120,-120,12,0.00,24.9,0.194,784,209,323,2,-120,-120
186,DRIVE 1m LONDON,MGC,8 pts,ALL,LONG,1.5,1,LUCID FLEX 50K,1000,0.5,582,-33,-86,22,0.09,48.1,0.135,210,2,33,1187,17,-86
187,ORB 5m NY,MNQ,NATURAL (pattern),ALL,BOTH,5,1,TAKE PROFIT TRADER 50K → PRO,250,1,653,-176,-170,26,0.08,32.8,0.125,2,2487,33,165,-179,-170
188,VWAP CROSS,MNQ,NATURAL (pattern),NY MID 11–14,LONG,0.75,2,LUCID FLEX 50K,2000,0.5,341,-79,-120,15,0.04,60.1,0.017,105,2,51,862,-92,-120
189,SWEEP 30m,MNQ,40 pts,NY MID 11–14,LONG,1,2,TRADEIFY SELECT 50K (Flex payouts),1500,0.5,376,226,351,26,0.26,53.7,0.058,1,39,1703,8,131,351
190,ORB 30m NY,MNQ,NATURAL (pattern),ALL,LONG,2,1,LUCID FLEX 50K,400,0.5,363,-120,-120,0,0.00,53.1,0.125,0,1034,202,149,-120,-120
191,DRIVE 15m NY,MNQ,0.20 × ATR,ALL,SHORT,5,1,LUCID FLEX 50K,250,1,398,-62,-120,30,0.06,28.9,0.197,490,43,0,1051,-22,-120
192,ORB 30m NY,MNQ,NATURAL (pattern),NY AM 08–11,BOTH,1,1,LUCID FLEX 50K,800,1,335,-108,-120,15,0.02,55.6,0.084,594,331,0,361,-100,-120
193,SWEEP 30m,MNQ,40 pts,NY MID 11–14,LONG,1,2,LUCID FLEX 50K,2000,0.5,327,-61,16,30,0.06,53.7,0.058,25,-1,1446,35,-120,16
194,DRIVE 1m LONDON,MGC,8 pts,ALL,LONG,2,1,LUCID FLEX 50K,800,1,718,-44,-120,23,0.05,43.0,0.118,584,70,-1,2732,18,-120
195,ORB 30m NY,MNQ,NATURAL (pattern),ALL,LONG,3,1,TRADEIFY SELECT 50K (Flex payouts),400,0.5,333,-99,-99,0,0.00,52.9,0.136,-1,805,293,154,-99,-99
196,DRIVE 1m LONDON,MGC,8 pts,ALL,LONG,1.5,1,TRADEIFY SELECT 50K (Flex payouts),1000,1,760,-64,-99,15,0.02,48.1,0.135,294,-2,365,1849,-37,-99
197,DRIVE 1m LONDON,MGC,0.20 × ATR,ALL,LONG,4,1,TRADEIFY SELECT 50K (Flex payouts),250,0.5,438,-99,-99,8,0.00,24.3,0.090,81,-2,401,1552,-99,-99
198,ORB 30m NY,MNQ,NATURAL (pattern),ALL,BOTH,1,1,TAKE PROFIT TRADER 50K → PRO,800,1,420,-187,-180,13,0.00,55.3,0.077,475,482,626,-2,-192,-180
199,ORB 30m NY,MNQ,NATURAL (pattern),NY AM 08–11,BOTH,1.5,1,TRADEIFY SELECT 50K (Flex payouts),1000,1,508,-47,-79,13,0.04,51.5,0.110,794,146,-3,1043,-24,-79
200,ORB 30m NY,MNQ,NATURAL (pattern),NY AM 08–11,BOTH,3,1,TAKE PROFIT TRADER 50K → PRO,600,1,1032,-40,-191,29,0.21,49.9,0.133,1917,588,-3,1781,56,-191
201,ORB 30m NY,MNQ,NATURAL (pattern),NY AM 08–11,BOTH,5,1,TRADEIFY SELECT 50K (Flex payouts),1000,0.5,513,-42,-99,5,0.04,49.7,0.142,1039,-4,89,1143,-1,-99
202,VWAP CROSS,MNQ,20 pts,LONDON 02–08,BOTH,1,1,TRADEIFY SELECT 50K (Flex payouts),800,1,398,41,54,27,0.15,53.8,0.040,-4,134,729,764,56,54
203,DRIVE 15m NY,MNQ,NATURAL (pattern),ALL,BOTH,2,1,TRADEIFY SELECT 50K (Flex payouts),250,0.5,509,-81,-99,22,0.04,40.0,0.094,-5,439,190,1458,-70,-99
204,DRIVE 5m LONDON,MNQ,0.10 × ATR,ALL,BOTH,5,1,TRADEIFY SELECT 50K (Flex payouts),250,1,418,-89,-99,10,0.01,18.7,0.064,326,1130,-5,213,-81,-99
205,ORB 30m NY,MNQ,NATURAL (pattern),ALL,BOTH,1.5,1,TAKE PROFIT TRADER 50K → PRO,600,0.5,778,-145,-186,26,0.21,51.5,0.106,916,-5,1476,653,-121,-186
206,BREAK 15m,MNQ,0.20 × ATR,LONDON 02–08,BOTH,4,1,LUCID FLEX 50K,250,1,404,-38,66,17,0.14,25.5,0.044,56,241,1293,-5,-120,66
207,DRIVE 15m NY,MNQ,0.20 × ATR,ALL,LONG,4,1,TRADEIFY SELECT 50K (Flex payouts),400,1,349,-99,-99,5,0.00,32.3,0.173,1333,75,-6,2,-99,-99
208,DRIVE 15m NY,MNQ,40 pts,NY AM 08–11,SHORT,5,1,TRADEIFY SELECT 50K (Flex payouts),250,0.5,510,-82,-99,22,0.03,27.2,0.218,-7,201,109,1465,-71,-99
209,BREAK 15m,MNQ,20 pts,LONDON 02–08,LONG,5,1,TRADEIFY SELECT 50K (Flex payouts),250,1,648,-81,-99,30,0.01,19.2,0.087,53,14,2559,-8,-67,-99
210,DRIVE 15m NY,MNQ,NATURAL (pattern),ALL,LONG,5,1,LUCID FLEX 50K,250,1,435,-120,-120,0,0.00,35.0,0.179,590,-8,952,7,-120,-120
211,DRIVE 1m LONDON,MGC,8 pts,ALL,BOTH,2,1,TRADEIFY SELECT 50K (Flex payouts),250,0.5,335,-75,-99,13,0.05,41.1,0.052,569,-9,448,332,-56,-99
212,SWEEP 15m,MNQ,0.20 × ATR,ALL,LONG,5,1,LUCID FLEX 50K,400,1,320,160,273,19,0.17,24.4,0.101,249,-9,544,221,28,273
213,SWEEP 60m,MNQ,0.20 × ATR,ASIA 18–02,BOTH,1.5,1,TRADEIFY SELECT 50K (Flex payouts),600,1,477,-25,-67,23,0.08,42.9,0.055,164,1660,39,-9,16,-67
214,DRIVE 1m NY,MNQ,0.20 × ATR,ALL,LONG,3,1,TRADEIFY SELECT 50K (Flex payouts),400,0.5,365,-81,-99,23,0.03,30.4,0.092,-10,109,138,1460,-67,-99
215,ORB 30m NY,MNQ,NATURAL (pattern),NY AM 08–11,BOTH,3,1,LUCID FLEX 50K,1000,0.5,536,-35,-107,9,0.09,49.9,0.133,894,107,-10,1325,16,-107
216,ORB 30m NY,MNQ,NATURAL (pattern),NY AM 08–11,BOTH,2,1,LUCID FLEX 50K,800,0.5,609,33,-120,18,0.18,50.4,0.123,1022,235,-10,1130,141,-120
217,ORB 30m NY,MNQ,0.20 × ATR,ALL,SHORT,4,1,LUCID FLEX 50K,250,0.5,366,-104,-120,9,0.03,31.6,0.163,1326,98,130,-10,-90,-120
218,ORB 30m NY,MNQ,NATURAL (pattern),NY AM 08–11,BOTH,3,1,LUCID FLEX 50K,600,0.5,401,9,-108,28,0.25,49.9,0.133,817,184,-11,901,96,-108
219,SWEEP 60m,MNQ,0.20 × ATR,ASIA 18–02,BOTH,0.75,2,TRADEIFY SELECT 50K (Flex payouts),1500,1,356,83,121,26,0.09,59.3,0.022,763,454,-12,163,72,121
220,SWEEP 30m,MNQ,40 pts,NY MID 11–14,LONG,1,2,LUCID FLEX 50K,1500,0.5,356,201,323,26,0.26,53.7,0.058,17,18,1642,-13,107,323
221,DRIVE 1m LONDON,MGC,8 pts,ALL,LONG,1,1,TRADEIFY SELECT 50K (Flex payouts),1500,0.5,685,-47,-46,25,0.06,55.8,0.097,355,17,-13,2069,-73,-46
222,VWAP CROSS,MNQ,20 pts,LONDON 02–08,BOTH,0.75,1,TRADEIFY SELECT 50K (Flex payouts),400,1,397,27,-62,18,0.23,59.9,0.012,-14,20,291,1463,84,-62
223,DRIVE 15m NY,MNQ,0.20 × ATR,ALL,LONG,3,1,LUCID FLEX 50K,400,1,669,-91,-104,24,0.04,34.3,0.162,941,1776,54,-14,-120,-104
224,ORB 30m NY,MNQ,NATURAL (pattern),NY AM 08–11,BOTH,2,1,TRADEIFY SELECT 50K (Flex payouts),400,1,679,-10,-99,23,0.15,50.4,0.123,1339,191,-14,1282,37,-99
225,BREAK 30m,MNQ,0.10 × ATR,LONDON 02–08,LONG,5,1,TRADEIFY SELECT 50K (Flex payouts),250,0.5,344,-32,-45,35,0.11,19.4,0.110,9,77,1334,-14,-17,-45
226,ORB 30m NY,MNQ,NATURAL (pattern),NY AM 08–11,BOTH,2,1,LUCID FLEX 50K,600,0.5,510,49,-120,27,0.25,50.4,0.123,1011,77,-14,1030,163,-120
227,DRIVE 1m LONDON,MGC,8 pts,ALL,LONG,1,1,TRADEIFY SELECT 50K (Flex payouts),1000,1,1153,-80,-56,17,0.02,55.8,0.097,615,137,-16,2823,-99,-56
228,DRIVE 1m NY,MNQ,0.20 × ATR,NY AM 08–11,BOTH,5,1,TRADEIFY SELECT 50K (Flex payouts),250,1,369,647,-99,45,0.73,26.7,0.112,664,225,-16,489,1229,-99
229,ORB 30m LONDON,MNQ,40 pts,ALL,LONG,2,1,TRADEIFY SELECT 50K (Flex payouts),600,1,359,-99,-99,19,0.00,36.4,0.068,-16,25,442,655,-99,-99
230,SWEEP 15m,MNQ,40 pts,LONDON 02–08,LONG,0.75,1,TRADEIFY SELECT 50K (Flex payouts),600,1,457,-32,-16,15,0.10,58.4,0.005,27,-16,3,2171,-76,-16
231,DRIVE 1m LONDON,MGC,8 pts,ALL,LONG,1.5,1,TRADEIFY SELECT 50K (Flex payouts),400,0.5,474,-69,-99,12,0.06,48.1,0.135,19,-17,726,1019,-44,-99
232,ORB 30m NY,MNQ,NATURAL (pattern),ALL,LONG,2,1,LUCID FLEX 50K,1000,1,361,-120,-120,7,0.00,53.1,0.125,1100,58,-17,131,-120,-120
233,DRIVE 1m LONDON,MGC,8 pts,ALL,LONG,1.5,1,TRADEIFY SELECT 50K (Flex payouts),800,1,830,-69,-99,18,0.02,48.1,0.135,250,-18,407,2646,-45,-99
234,ORB 15m NY,MNQ,0.10 × ATR,NY AM 08–11,LONG,5,1,TRADEIFY SELECT 50K (Flex payouts),250,1,438,50,-99,23,0.16,20.8,0.093,776,350,456,-18,165,-99
235,BREAK 15m,MNQ,40 pts,NY AM 08–11,BOTH,5,1,LUCID FLEX 50K,400,1,353,-84,-120,19,0.02,22.7,0.056,-19,517,110,843,-57,-120
236,ORB 30m NY,MNQ,NATURAL (pattern),ALL,BOTH,1.5,1,LUCID FLEX 50K,1500,0.5,361,-47,-106,15,0.08,51.5,0.106,559,14,-20,687,-7,-106
237,ORB 30m NY,MNQ,NATURAL (pattern),NY AM 08–11,LONG,0.75,1,TRADEIFY SELECT 50K (Flex payouts),800,1,400,-99,-99,10,0.00,62.0,0.096,751,-21,723,159,-99,-99
238,DRIVE 15m LONDON,MGC,8 pts,ALL,LONG,1.5,1,TRADEIFY SELECT 50K (Flex payouts),1000,0.5,334,-83,-99,12,0.03,43.7,0.029,729,333,-21,502,-70,-99
239,DRIVE 1m LONDON,MGC,8 pts,ALL,LONG,5,1,TRADEIFY SELECT 50K (Flex payouts),800,0.5,446,-99,-99,11,0.00,39.8,0.121,226,-22,303,1783,-99,-99
240,DRIVE 1m LONDON,MGC,0.20 × ATR,ALL,LONG,4,1,LUCID FLEX 50K,250,0.5,417,-120,-120,8,0.00,24.3,0.090,60,-23,380,1531,-120,-120
241,ORB 30m NY,MNQ,NATURAL (pattern),NY AM 08–11,BOTH,1.5,1,TRADEIFY SELECT 50K (Flex payouts),800,1,699,-75,-99,14,0.03,51.5,0.110,974,390,-23,1262,-59,-99
242,DRIVE 1m LONDON,MGC,8 pts,ALL,LONG,3,1,TRADEIFY SELECT 50K (Flex payouts),400,0.5,518,-43,-99,15,0.08,40.1,0.111,88,-24,81,1904,3,-99
243,DRIVE 15m NY,MNQ,NATURAL (pattern),ALL,SHORT,4,1,TRADEIFY SELECT 50K (Flex payouts),250,0.5,389,-99,-99,21,0.00,31.9,0.089,71,-24,237,1189,-99,-99
244,DRIVE 1m LONDON,MGC,8 pts,ALL,LONG,1.5,1,TRADEIFY SELECT 50K (Flex payouts),600,0.5,558,-34,-99,18,0.12,48.1,0.135,82,-25,177,1518,18,-99
245,VWAP CROSS,MNQ,20 pts,LONDON 02–08,BOTH,1,1,LUCID FLEX 50K,800,1,367,19,33,27,0.15,53.8,0.040,-25,112,685,694,35,33
246,BREAK 60m,MNQ,0.10 × ATR,NY AM 08–11,BOTH,4,1,TRADEIFY SELECT 50K (Flex payouts),400,1,386,19,10,24,0.08,22.8,0.095,-25,680,574,401,-24,10
247,DRIVE 15m NY,MNQ,NATURAL (pattern),ALL,BOTH,2,1,LUCID FLEX 50K,250,0.5,488,-102,-120,22,0.04,40.0,0.094,-26,418,169,1437,-91,-120
248,DRIVE 1m LONDON,MGC,8 pts,ALL,LONG,1.5,1,TRADEIFY SELECT 50K (Flex payouts),1500,0.5,691,-72,-99,14,0.02,48.1,0.135,151,-26,298,1410,-51,-99
249,DRIVE 1m LONDON,MGC,0.20 × ATR,ALL,LONG,5,1,TRADEIFY SELECT 50K (Flex payouts),250,0.5,422,-91,-99,12,0.02,21.6,0.044,85,-26,385,1461,-85,-99
250,DRIVE 15m NY,MNQ,40 pts,ALL,BOTH,2,1,TRADEIFY SELECT 50K (Flex payouts),600,1,362,-56,-70,26,0.04,38.1,0.104,-26,460,223,266,-45,-70
251,SWEEP 60m,MNQ,0.20 × ATR,ASIA 18–02,BOTH,2,1,TRADEIFY SELECT 50K (Flex payouts),400,1,404,268,206,35,0.38,37.9,0.118,-27,1117,502,18,328,206
252,ORB 30m NY,MNQ,NATURAL (pattern),NY AM 08–11,BOTH,2,1,TRADEIFY SELECT 50K (Flex payouts),800,1,853,-20,-99,16,0.07,50.4,0.123,1434,286,-28,1700,37,-99
253,DRIVE 5m LONDON,MNQ,0.10 × ATR,ALL,BOTH,5,1,LUCID FLEX 50K,250,1,401,-110,-120,10,0.01,18.7,0.064,297,1146,-28,167,-102,-120
254,VWAP CROSS,MNQ,20 pts,LONDON 02–08,BOTH,1,1,TRADEIFY SELECT 50K (Flex payouts),400,0.5,383,83,-51,25,0.38,53.8,0.040,117,-28,259,1303,171,-51
255,DRIVE 15m NY,MNQ,40 pts,NY AM 08–11,SHORT,5,1,LUCID FLEX 50K,250,0.5,489,-103,-120,22,0.03,27.2,0.218,-28,180,88,1444,-92,-120
256,ORB 30m NY,MNQ,NATURAL (pattern),NY AM 08–11,BOTH,2,1,TAKE PROFIT TRADER 50K → PRO,600,1,1060,99,-188,29,0.59,50.4,0.123,1918,390,-30,2144,290,-188
257,ORB 30m NY,MNQ,NATURAL (pattern),NY AM 08–11,BOTH,3,1,LUCID FLEX 50K,800,0.5,582,-35,-120,12,0.10,49.9,0.133,695,328,-30,1279,25,-120
258,DRIVE 1m LONDON,MGC,8 pts,ALL,LONG,1.5,1,TRADEIFY SELECT 50K (Flex payouts),1000,0.5,378,-64,-65,15,0.05,48.1,0.135,103,-30,76,1217,-50,-65
259,SWEEP 60m,MNQ,0.20 × ATR,ASIA 18–02,BOTH,1.5,1,LUCID FLEX 50K,600,1,414,-46,-88,23,0.08,42.9,0.055,129,1497,18,-30,-5,-88
260,DRIVE 15m NY,MNQ,40 pts,ALL,BOTH,2,1,TAKE PROFIT TRADER 50K → PRO,400,0.5,354,-202,-207,24,0.00,38.1,0.104,-31,205,12,1206,-197,-207
261,DRIVE 1m LONDON,MGC,8 pts,ALL,BOTH,1.5,1,TRADEIFY SELECT 50K (Flex payouts),400,0.5,360,-61,-70,23,0.07,45.8,0.071,255,438,-31,606,-47,-70
262,DRIVE 1m NY,MNQ,0.20 × ATR,ALL,LONG,3,1,LUCID FLEX 50K,400,0.5,344,-102,-120,23,0.03,30.4,0.092,-31,88,117,1439,-88,-120
263,DRIVE 15m NY,MNQ,0.20 × ATR,ALL,LONG,3,1,TRADEIFY SELECT 50K (Flex payouts),400,0.5,527,-80,-85,24,0.04,34.3,0.162,414,1599,180,-31,-99,-85
264,DRIVE 15m NY,MNQ,40 pts,NY AM 08–11,SHORT,4,1,LUCID FLEX 50K,400,0.5,418,-83,-120,22,0.06,28.5,0.196,-32,693,25,835,-58,-120
265,ORB 30m NY,MNQ,NATURAL (pattern),NY AM 08–11,BOTH,3,1,TRADEIFY SELECT 50K (Flex payouts),600,0.5,450,-6,-99,27,0.18,49.9,0.133,970,78,-32,800,57,-99
266,VWAP CROSS,MNQ,NATURAL (pattern),NY MID 11–14,LONG,0.75,1,TRADEIFY SELECT 50K (Flex payouts),400,1,495,-99,-99,0,0.00,60.1,0.017,-33,1214,123,565,-99,-99
267,ORB 30m NY,MNQ,0.20 × ATR,ALL,BOTH,4,1,TRADEIFY SELECT 50K (Flex payouts),250,1,509,-66,-99,14,0.04,33.3,0.131,1191,84,-34,765,-40,-99
268,ORB 30m LONDON,MNQ,40 pts,ALL,LONG,5,1,LUCID FLEX 50K,400,1,350,-120,-120,12,0.00,24.9,0.194,755,452,323,-34,-120,-120
269,ORB 30m NY,MNQ,NATURAL (pattern),NY AM 08–11,BOTH,2,1,TRADEIFY SELECT 50K (Flex payouts),800,0.5,521,50,-99,16,0.18,50.4,0.123,953,212,-35,1102,156,-99
270,ORB 30m NY,MNQ,NATURAL (pattern),ALL,LONG,2,1,TRADEIFY SELECT 50K (Flex payouts),1000,1,338,-99,-99,6,0.00,53.1,0.125,1203,82,-35,100,-99,-99
271,ORB 30m NY,MNQ,NATURAL (pattern),ALL,LONG,1,1,TRADEIFY SELECT 50K (Flex payouts),1000,1,351,-99,-99,11,0.00,58.2,0.117,1276,41,319,-35,-99,-99
272,ORB 30m NY,MNQ,NATURAL (pattern),NY AM 08–11,BOTH,2,1,LUCID FLEX 50K,400,1,658,-31,-120,23,0.15,50.4,0.123,1318,170,-35,1261,16,-120
273,ORB 30m NY,MNQ,NATURAL (pattern),NY AM 08–11,BOTH,2,1,LUCID FLEX 50K,800,1,798,-48,-120,18,0.07,50.4,0.123,1407,128,-35,1525,4,-120
274,DRIVE 1m LONDON,MGC,8 pts,ALL,LONG,2,1,TRADEIFY SELECT 50K (Flex payouts),600,0.5,459,11,-99,23,0.18,43.0,0.118,177,86,-36,1292,99,-99
275,DRIVE 1m NY,MNQ,0.20 × ATR,NY AM 08–11,BOTH,5,1,LUCID FLEX 50K,250,1,348,638,-120,45,0.74,26.7,0.112,639,204,-37,468,1228,-120
276,ORB 30m LONDON,MNQ,40 pts,ALL,LONG,2,1,LUCID FLEX 50K,600,1,356,-120,-120,19,0.00,36.4,0.068,-37,2,508,805,-120,-120
277,DRIVE 1m LONDON,MGC,8 pts,ALL,LONG,1.5,1,LUCID FLEX 50K,800,1,669,-92,-120,18,0.02,48.1,0.135,212,-39,335,2343,-70,-120
278,DRIVE 1m LONDON,MGC,8 pts,ALL,LONG,5,1,TRADEIFY SELECT 50K (Flex payouts),400,1,695,-99,-99,12,0.00,39.8,0.121,286,-39,303,2195,-99,-99
279,ORB 15m NY,MNQ,0.10 × ATR,NY AM 08–11,LONG,5,1,LUCID FLEX 50K,250,1,405,29,-120,23,0.16,20.8,0.093,711,328,465,-39,144,-120
280,DRIVE 1m LONDON,MGC,8 pts,ALL,LONG,1,1,LUCID FLEX 50K,1000,1,1068,-101,-77,17,0.02,55.8,0.097,587,116,-42,2599,-120,-77
281,ORB 30m NY,MNQ,NATURAL (pattern),NY AM 08–11,BOTH,5,1,LUCID FLEX 50K,1000,0.5,590,-44,-107,7,0.06,49.7,0.142,1216,27,-42,1328,1,-107
282,ORB 30m NY,MNQ,NATURAL (pattern),ALL,BOTH,3,1,TRADEIFY SELECT 50K (Flex payouts),1500,0.5,336,-71,-83,4,0.04,49.8,0.124,580,-42,18,618,-63,-83
283,ORB 30m NY,MNQ,NATURAL (pattern),NY AM 08–11,LONG,0.75,1,LUCID FLEX 50K,800,1,379,-120,-120,10,0.00,62.0,0.096,730,-42,702,138,-120,-120
284,ORB 30m NY,MNQ,NATURAL (pattern),ALL,BOTH,1.5,1,TRADEIFY SELECT 50K (Flex payouts),1500,1,391,-99,-99,9,0.00,51.5,0.106,722,83,-43,777,-99,-99
285,ORB 30m NY,MNQ,NATURAL (pattern),NY AM 08–11,BOTH,3,1,TRADEIFY SELECT 50K (Flex payouts),1000,0.5,498,-31,-99,5,0.06,49.9,0.133,835,30,-44,1126,17,-99
286,BREAK 30m,MNQ,0.20 × ATR,LONDON 02–08,LONG,3,1,TRADEIFY SELECT 50K (Flex payouts),400,1,324,635,1639,26,0.50,29.3,0.084,61,11,1269,-44,-93,1639
287,ORB 30m NY,MNQ,NATURAL (pattern),ALL,LONG,2,1,TRADEIFY SELECT 50K (Flex payouts),800,1,386,-90,-77,7,0.02,53.1,0.125,560,-44,254,216,-99,-77
288,ORB 30m NY,MNQ,NATURAL (pattern),NY AM 08–11,BOTH,1.5,1,LUCID FLEX 50K,800,1,704,-96,-120,14,0.03,51.5,0.110,945,368,-44,1290,-80,-120
289,DRIVE 1m LONDON,MGC,8 pts,ALL,LONG,3,1,LUCID FLEX 50K,400,0.5,497,-64,-120,15,0.08,40.1,0.111,67,-45,60,1883,-18,-120
290,BREAK 30m,MGC,8 pts,LONDON 02–08,BOTH,0.75,2,TRADEIFY SELECT 50K (Flex payouts),600,1,346,292,118,30,0.41,57.9,-0.004,56,73,-45,1157,441,118
291,DRIVE 15m NY,MNQ,NATURAL (pattern),ALL,SHORT,4,1,LUCID FLEX 50K,250,0.5,368,-120,-120,21,0.00,31.9,0.089,50,-45,216,1168,-120,-120
292,DRIVE 1m LONDON,MGC,8 pts,ALL,LONG,1.5,1,LUCID FLEX 50K,600,0.5,537,-55,-120,18,0.12,48.1,0.135,61,-46,156,1497,-3,-120
293,ORB 30m NY,MNQ,NATURAL (pattern),ALL,BOTH,3,1,TRADEIFY SELECT 50K (Flex payouts),800,1,586,53,-99,13,0.17,49.8,0.124,1276,217,-46,895,156,-99
294,VWAP CROSS,MNQ,20 pts,LONDON 02–08,BOTH,0.75,1,TRADEIFY SELECT 50K (Flex payouts),1000,1,483,203,110,27,0.28,59.9,0.012,-46,5,602,1401,231,110
295,DRIVE 15m NY,MNQ,40 pts,NY AM 08–11,SHORT,4,1,TRADEIFY SELECT 50K (Flex payouts),250,0.5,338,-92,-99,16,0.01,28.5,0.196,-46,278,288,914,-88,-99
296,DRIVE 1m LONDON,MGC,0.20 × ATR,ALL,LONG,5,1,LUCID FLEX 50K,250,0.5,402,-112,-120,12,0.02,21.6,0.044,65,-47,364,1421,-106,-120
297,DRIVE 1m LONDON,MGC,8 pts,ALL,LONG,0.75,1,TRADEIFY SELECT 50K (Flex payouts),1500,0.5,522,-15,-81,25,0.12,62.0,0.067,322,214,-47,1312,24,-81
298,DRIVE 15m NY,MNQ,NATURAL (pattern),ALL,BOTH,5,1,TRADEIFY SELECT 50K (Flex payouts),250,0.5,353,-99,-99,15,0.00,33.1,0.142,-48,595,281,667,-99,-99
299,DRIVE 1m LONDON,MGC,8 pts,ALL,LONG,5,1,TRADEIFY SELECT 50K (Flex payouts),400,0.5,348,-64,-99,12,0.05,39.8,0.121,103,-49,184,1031,-36,-99
300,DRIVE 15m NY,MNQ,NATURAL (pattern),ALL,BOTH,2,1,TRADEIFY SELECT 50K (Flex payouts),250,1,627,-51,-99,22,0.10,40.0,0.094,-49,816,6,1727,-21,-99
